fecha,almacenamiento_hm3,namo_hm3,pct_llenado
2007-01-01,1381.58,3910.68994140625,35.33
2007-01-02,1381.58,3910.68994140625,35.33
2007-01-03,1381.58,3910.68994140625,35.33
2007-01-04,1381.58,3910.68994140625,35.33
2007-01-05,1381.58,3910.68994140625,35.33
2007-01-06,1381.58,3910.68994140625,35.33
2007-01-07,1381.58,3910.68994140625,35.33
2007-01-08,1381.58,3910.68994140625,35.33
2007-01-09,1379.31,3910.68994140625,35.27
2007-01-10,1379.31,3910.68994140625,35.27
2007-01-11,1377.04,3910.68994140625,35.21
2007-01-12,1377.04,3910.68994140625,35.21
2007-01-13,1374.773,3910.68994140625,35.15
2007-01-14,1372.5,3910.68994140625,35.1
2007-01-15,1372.5,3910.68994140625,35.1
2007-01-16,1370.35,3910.68994140625,35.04
2007-01-17,1366.05,3910.68994140625,34.93
2007-01-18,1361.75,3910.68994140625,34.82
2007-01-19,1357.45,3910.68994140625,34.71
2007-01-20,1353.15,3910.68994140625,34.6
2007-01-21,1348.85,3910.68994140625,34.49
2007-01-22,1344.55,3910.68994140625,34.38
2007-01-23,1340.25,3910.68994140625,34.27
2007-01-24,1335.95,3910.68994140625,34.16
2007-01-25,1333.8,3910.68994140625,34.11
2007-01-26,1333.8,3910.68994140625,34.11
2007-01-27,1333.8,3910.68994140625,34.11
2007-01-28,1333.8,3910.68994140625,34.11
2007-01-29,1333.8,3910.68994140625,34.11
2007-01-30,1331.65,3910.68994140625,34.05
2007-01-31,1331.65,3910.68994140625,34.05
2007-02-01,1331.65,3910.68994140625,34.05
2007-02-02,1331.65,3910.68994140625,34.05
2007-02-03,1331.65,3910.68994140625,34.05
2007-02-04,1331.65,3910.68994140625,34.05
2007-02-05,1344.55,3910.68994140625,34.38
2007-02-06,1344.55,3910.68994140625,34.38
2007-02-07,1346.7,3910.68994140625,34.44
2007-02-08,1346.7,3910.68994140625,34.44
2007-02-09,1346.7,3910.68994140625,34.44
2007-02-10,1346.7,3910.68994140625,34.44
2007-02-11,1348.85,3910.68994140625,34.49
2007-02-12,1351.0,3910.68994140625,34.55
2007-02-13,1351.0,3910.68994140625,34.55
2007-02-14,1351.0,3910.68994140625,34.55
2007-02-15,1351.0,3910.68994140625,34.55
2007-02-16,1351.0,3910.68994140625,34.55
2007-02-17,1351.0,3910.68994140625,34.55
2007-02-18,1348.85,3910.68994140625,34.49
2007-02-19,1348.85,3910.68994140625,34.49
2007-02-20,1348.85,3910.68994140625,34.49
2007-02-21,1348.85,3910.68994140625,34.49
2007-02-22,1348.85,3910.68994140625,34.49
2007-02-23,1348.85,3910.68994140625,34.49
2007-02-24,1346.7,3910.68994140625,34.44
2007-02-25,1346.7,3910.68994140625,34.44
2007-02-26,1346.7,3910.68994140625,34.44
2007-02-27,1346.7,3910.68994140625,34.44
2007-02-28,1346.7,3910.68994140625,34.44
2007-03-01,1346.7,3910.68994140625,34.44
2007-03-02,1346.7,3910.68994140625,34.44
2007-03-03,1346.7,3910.68994140625,34.44
2007-03-04,1344.55,3910.68994140625,34.38
2007-03-05,1344.55,3910.68994140625,34.38
2007-03-06,1344.55,3910.68994140625,34.38
2007-03-07,1342.4,3910.68994140625,34.33
2007-03-08,1342.4,3910.68994140625,34.33
2007-03-09,1340.25,3910.68994140625,34.27
2007-03-10,1338.1,3910.68994140625,34.22
2007-03-11,1338.1,3910.68994140625,34.22
2007-03-12,1335.95,3910.68994140625,34.16
2007-03-13,1333.8,3910.68994140625,34.11
2007-03-14,1329.5,3910.68994140625,34.0
2007-03-15,1323.05,3910.68994140625,33.83
2007-03-16,1318.75,3910.68994140625,33.72
2007-03-17,1314.45,3910.68994140625,33.61
2007-03-18,1310.15,3910.68994140625,33.5
2007-03-19,1303.7,3910.68994140625,33.34
2007-03-20,1299.4,3910.68994140625,33.23
2007-03-21,1295.1,3910.68994140625,33.12
2007-03-22,1292.95,3910.68994140625,33.06
2007-03-23,1286.5,3910.68994140625,32.9
2007-03-24,1282.2,3910.68994140625,32.79
2007-03-25,1277.9,3910.68994140625,32.68
2007-03-26,1273.6,3910.68994140625,32.57
2007-03-27,1269.3,3910.68994140625,32.46
2007-03-28,1265.0,3910.68994140625,32.35
2007-03-29,1260.98,3910.68994140625,32.24
2007-03-30,1260.98,3910.68994140625,32.24
2007-03-31,1252.93,3910.68994140625,32.04
2007-04-01,1248.9,3910.68994140625,31.94
2007-04-02,1254.94,3910.68994140625,32.09
2007-04-03,1254.94,3910.68994140625,32.09
2007-04-04,1252.93,3910.68994140625,32.04
2007-04-05,1252.93,3910.68994140625,32.04
2007-04-06,1252.93,3910.68994140625,32.04
2007-04-07,1252.93,3910.68994140625,32.04
2007-04-08,1252.93,3910.68994140625,32.04
2007-04-09,1252.93,3910.68994140625,32.04
2007-04-10,1250.92,3910.68994140625,31.99
2007-04-11,1250.92,3910.68994140625,31.99
2007-04-12,1250.92,3910.68994140625,31.99
2007-04-13,1250.92,3910.68994140625,31.99
2007-04-14,1248.9,3910.68994140625,31.94
2007-04-15,1248.9,3910.68994140625,31.94
2007-04-16,1246.89,3910.68994140625,31.88
2007-04-17,1244.88,3910.68994140625,31.83
2007-04-18,1242.87,3910.68994140625,31.78
2007-04-19,1236.83,3910.68994140625,31.63
2007-04-20,1232.81,3910.68994140625,31.52
2007-04-21,1226.77,3910.68994140625,31.37
2007-04-22,1218.72,3910.68994140625,31.16
2007-04-23,1218.72,3910.68994140625,31.16
2007-04-24,1202.63,3910.68994140625,30.75
2007-04-25,1194.58,3910.68994140625,30.55
2007-04-26,1186.53,3910.68994140625,30.34
2007-04-27,1180.5,3910.68994140625,30.19
2007-04-28,1172.45,3910.68994140625,29.98
2007-04-29,1168.424,3910.68994140625,29.88
2007-04-30,1164.4,3910.68994140625,29.77
2007-05-01,1160.62,3910.68994140625,29.68
2007-05-02,1156.848,3910.68994140625,29.58
2007-05-03,1151.18,3910.68994140625,29.44
2007-05-04,1145.52,3910.68994140625,29.29
2007-05-05,1141.74,3910.68994140625,29.2
2007-05-06,1137.97,3910.68994140625,29.1
2007-05-07,1128.53,3910.68994140625,28.86
2007-05-08,1128.53,3910.68994140625,28.86
2007-05-09,1122.86,3910.68994140625,28.71
2007-05-10,1119.09,3910.68994140625,28.62
2007-05-11,1115.31,3910.68994140625,28.52
2007-05-12,1109.65,3910.68994140625,28.37
2007-05-13,1105.87,3910.68994140625,28.28
2007-05-14,1100.21,3910.68994140625,28.13
2007-05-15,1094.54,3910.68994140625,27.99
2007-05-16,1088.88,3910.68994140625,27.84
2007-05-17,1083.22,3910.68994140625,27.7
2007-05-18,1079.44,3910.68994140625,27.6
2007-05-19,1075.66,3910.68994140625,27.51
2007-05-20,1071.89,3910.68994140625,27.41
2007-05-21,1071.89,3910.68994140625,27.41
2007-05-22,1062.42,3910.68994140625,27.17
2007-05-23,1056.73,3910.68994140625,27.02
2007-05-24,1052.94,3910.68994140625,26.92
2007-05-25,1052.94,3910.68994140625,26.92
2007-05-26,1051.04,3910.68994140625,26.88
2007-05-27,1051.04,3910.68994140625,26.88
2007-05-28,1051.04,3910.68994140625,26.88
2007-05-29,1053.73,3910.68994140625,26.94
2007-05-30,1058.62,3910.68994140625,27.07
2007-05-31,1058.62,3910.68994140625,27.07
2007-06-01,1058.62,3910.68994140625,27.07
2007-06-02,1058.62,3910.68994140625,27.07
2007-06-03,1058.62,3910.68994140625,27.07
2007-06-04,1058.62,3910.68994140625,27.07
2007-06-05,1058.62,3910.68994140625,27.07
2007-06-06,1058.62,3910.68994140625,27.07
2007-06-07,1058.62,3910.68994140625,27.07
2007-06-08,1058.62,3910.68994140625,27.07
2007-06-09,1058.62,3910.68994140625,27.07
2007-06-10,1058.62,3910.68994140625,27.07
2007-06-11,1058.62,3910.68994140625,27.07
2007-06-12,1058.62,3910.68994140625,27.07
2007-06-13,1056.73,3910.68994140625,27.02
2007-06-14,1056.73,3910.68994140625,27.02
2007-06-15,1056.73,3910.68994140625,27.02
2007-06-16,1056.73,3910.68994140625,27.02
2007-06-17,1054.8,3910.68994140625,26.97
2007-06-18,1054.8,3910.68994140625,26.97
2007-06-19,1054.8,3910.68994140625,26.97
2007-06-20,1052.94,3910.68994140625,26.92
2007-06-21,1052.94,3910.68994140625,26.92
2007-06-22,1052.94,3910.68994140625,26.92
2007-06-23,1052.94,3910.68994140625,26.92
2007-06-24,1052.94,3910.68994140625,26.92
2007-06-25,1052.94,3910.68994140625,26.92
2007-06-26,1052.94,3910.68994140625,26.92
2007-06-27,1049.14,3910.68994140625,26.83
2007-06-28,1049.14,3910.68994140625,26.83
2007-06-29,1047.25,3910.68994140625,26.78
2007-06-30,1047.25,3910.68994140625,26.78
2007-07-01,1047.25,3910.69,26.78
2007-07-02,1047.25,3910.69,26.78
2007-07-03,1049.14,3910.69,26.83
2007-07-04,1052.94,3910.69,26.92
2007-07-05,1073.78,3910.69,27.46
2007-07-06,1077.55,3910.69,27.55
2007-07-07,1081.33,3910.69,27.65
2007-07-08,1088.88,3910.69,27.84
2007-07-09,1098.32,3910.69,28.09
2007-07-10,1100.21,3910.69,28.13
2007-07-11,1100.21,3910.69,28.13
2007-07-12,1100.21,3910.69,28.13
2007-07-13,1100.21,3910.69,28.13
2007-07-14,1100.21,3910.69,28.13
2007-07-15,1100.21,3910.69,28.13
2007-07-16,1100.21,3910.69,28.13
2007-07-17,1096.43,3910.69,28.04
2007-07-18,1096.43,3910.69,28.04
2007-07-19,1103.98,3910.69,28.23
2007-07-20,1111.54,3910.69,28.42
2007-07-21,1119.09,3910.69,28.62
2007-07-22,1126.64,3910.69,28.81
2007-07-23,1136.08,3910.69,29.05
2007-07-24,1137.97,3910.69,29.1
2007-07-25,1143.63,3910.69,29.24
2007-07-26,1145.52,3910.69,29.29
2007-07-27,1149.3,3910.69,29.39
2007-07-28,1156.85,3910.69,29.58
2007-07-29,1160.62,3910.69,29.68
2007-07-30,1164.4,3910.69,29.77
2007-07-31,1168.42,3910.69,29.88
2007-08-01,1172.45,3910.69,29.98
2007-08-02,1170.44,3910.69,29.93
2007-08-03,1172.45,3910.69,29.98
2007-08-04,1174.46,3910.69,30.03
2007-08-05,1176.47,3910.69,30.08
2007-08-06,1176.47,3910.69,30.08
2007-08-07,1176.47,3910.69,30.08
2007-08-08,1176.47,3910.69,30.08
2007-08-09,1176.47,3910.69,30.08
2007-08-10,1176.47,3910.69,30.08
2007-08-11,1176.47,3910.69,30.08
2007-08-12,1176.47,3910.69,30.08
2007-08-13,1176.47,3910.69,30.08
2007-08-14,1176.47,3910.69,30.08
2007-08-15,1176.47,3910.69,30.08
2007-08-16,1174.46,3910.69,30.03
2007-08-17,1174.46,3910.69,30.03
2007-08-18,1174.46,3910.69,30.03
2007-08-19,1174.46,3910.69,30.03
2007-08-20,1174.46,3910.69,30.03
2007-08-21,1174.46,3910.69,30.03
2007-08-22,1172.45,3910.69,29.98
2007-08-23,1174.52,3910.69,30.03
2007-08-24,1204.64,3910.69,30.8
2007-08-25,1224.76,3910.69,31.32
2007-08-26,1244.88,3910.69,31.83
2007-08-27,1265.0,3910.69,32.35
2007-08-28,1286.0,3910.69,32.88
2007-08-29,1368.2,3910.69,34.99
2007-08-30,1408.84,3910.69,36.03
2007-08-31,1431.55,3910.69,36.61
2007-09-01,1451.98,3910.69,37.13
2007-09-02,1479.24,3910.69,37.83
2007-09-03,1545.1,3910.69,39.51
2007-09-04,1611.88,3910.69,41.22
2007-09-05,1673.25,3910.69,42.79
2007-09-06,1722.35,3910.69,44.04
2007-09-07,1746.9,3910.69,44.67
2007-09-08,1771.45,3910.69,45.3
2007-09-09,1778.64,3910.69,45.48
2007-09-10,1796.0,3910.69,45.93
2007-09-11,1800.91,3910.69,46.05
2007-09-12,1808.28,3910.69,46.24
2007-09-13,1827.92,3910.69,46.74
2007-09-14,1837.73,3910.69,46.99
2007-09-15,1842.65,3910.69,47.12
2007-09-16,1845.1,3910.69,47.18
2007-09-17,1860.95,3910.69,47.59
2007-09-18,1874.16,3910.69,47.92
2007-09-19,1882.09,3910.69,48.13
2007-09-20,1897.94,3910.69,48.53
2007-09-21,1897.94,3910.69,48.53
2007-09-22,1900.58,3910.69,48.6
2007-09-23,1903.22,3910.69,48.67
2007-09-24,1908.51,3910.69,48.8
2007-09-25,1911.15,3910.69,48.87
2007-09-26,1913.79,3910.69,48.94
2007-09-27,1916.43,3910.69,49.0
2007-09-28,1919.08,3910.69,49.07
2007-09-29,1921.72,3910.69,49.14
2007-09-30,1929.64,3910.69,49.34
2007-10-01,1937.57,3910.68994140625,49.55
2007-10-02,1940.21,3910.68994140625,49.61
2007-10-03,1942.85,3910.68994140625,49.68
2007-10-04,1945.5,3910.68994140625,49.75
2007-10-05,1948.14,3910.68994140625,49.82
2007-10-06,1953.42,3910.68994140625,49.95
2007-10-07,1953.42,3910.68994140625,49.95
2007-10-08,1956.06,3910.68994140625,50.02
2007-10-09,1958.71,3910.68994140625,50.09
2007-10-10,1961.35,3910.68994140625,50.15
2007-10-11,1966.63,3910.68994140625,50.29
2007-10-12,1977.2,3910.68994140625,50.56
2007-10-13,1993.05,3910.68994140625,50.96
2007-10-14,2003.62,3910.68994140625,51.23
2007-10-15,2008.9,3910.68994140625,51.37
2007-10-16,2014.19,3910.68994140625,51.5
2007-10-17,2016.83,3910.68994140625,51.57
2007-10-18,2019.47,3910.68994140625,51.64
2007-10-19,2024.76,3910.68994140625,51.78
2007-10-20,2027.4,3910.68994140625,51.84
2007-10-21,2032.68,3910.68994140625,51.98
2007-10-22,2035.32,3910.68994140625,52.05
2007-10-23,2035.32,3910.68994140625,52.05
2007-10-24,2035.32,3910.68994140625,52.05
2007-10-25,2035.32,3910.68994140625,52.05
2007-10-26,2035.32,3910.68994140625,52.05
2007-10-27,2035.32,3910.68994140625,52.05
2007-10-28,2035.32,3910.68994140625,52.05
2007-10-29,2035.32,3910.68994140625,52.05
2007-10-30,2035.32,3910.68994140625,52.05
2007-10-31,2035.32,3910.68994140625,52.05
2007-11-01,2035.32,3910.68994140625,52.05
2007-11-02,2035.32,3910.68994140625,52.05
2007-11-03,2032.68,3910.68994140625,51.98
2007-11-04,2032.68,3910.68994140625,51.98
2007-11-05,2032.68,3910.68994140625,51.98
2007-11-06,2035.32,3910.68994140625,52.05
2007-11-07,2037.97,3910.68994140625,52.11
2007-11-08,2040.61,3910.68994140625,52.18
2007-11-09,2040.61,3910.68994140625,52.18
2007-11-10,2040.61,3910.68994140625,52.18
2007-11-11,2040.61,3910.68994140625,52.18
2007-11-12,2040.61,3910.68994140625,52.18
2007-11-13,2040.61,3910.68994140625,52.18
2007-11-14,2043.25,3910.68994140625,52.25
2007-11-15,2043.25,3910.68994140625,52.25
2007-11-16,2043.25,3910.68994140625,52.25
2007-11-17,2043.25,3910.68994140625,52.25
2007-11-18,2043.25,3910.68994140625,52.25
2007-11-19,2043.25,3910.68994140625,52.25
2007-11-20,2043.25,3910.68994140625,52.25
2007-11-21,2043.25,3910.68994140625,52.25
2007-11-22,2043.25,3910.68994140625,52.25
2007-11-23,2043.25,3910.68994140625,52.25
2007-11-24,2043.25,3910.68994140625,52.25
2007-11-25,2043.25,3910.68994140625,52.25
2007-11-26,2043.25,3910.68994140625,52.25
2007-11-27,2043.25,3910.68994140625,52.25
2007-11-28,2043.25,3910.68994140625,52.25
2007-11-29,2043.25,3910.68994140625,52.25
2007-11-30,2043.25,3910.68994140625,52.25
2007-12-01,2043.25,3910.68994140625,52.25
2007-12-02,2043.25,3910.68994140625,52.25
2007-12-03,2040.61,3910.68994140625,52.18
2007-12-04,2040.61,3910.68994140625,52.18
2007-12-05,2037.97,3910.68994140625,52.11
2007-12-06,2037.97,3910.68994140625,52.11
2007-12-07,2037.97,3910.68994140625,52.11
2007-12-08,2037.97,3910.68994140625,52.11
2007-12-09,2038.0,3910.68994140625,52.11
2007-12-10,2035.32,3910.68994140625,52.05
2007-12-11,2035.32,3910.68994140625,52.05
2007-12-12,2035.32,3910.68994140625,52.05
2007-12-13,2035.32,3910.68994140625,52.05
2007-12-14,2024.76,3910.68994140625,51.78
2007-12-15,2019.47,3910.68994140625,51.64
2007-12-16,2016.83,3910.68994140625,51.57
2007-12-17,2014.19,3910.68994140625,51.5
2007-12-18,2008.9,3910.68994140625,51.37
2007-12-19,2006.26,3910.68994140625,51.3
2007-12-20,2006.26,3910.68994140625,51.3
2007-12-21,2006.26,3910.68994140625,51.3
2007-12-22,1998.04,3910.68994140625,51.09
2007-12-23,1998.04,3910.68994140625,51.09
2007-12-24,1998.04,3910.68994140625,51.09
2007-12-25,1998.34,3910.68994140625,51.1
2007-12-26,1998.34,3910.68994140625,51.1
2007-12-27,1998.34,3910.68994140625,51.1
2007-12-28,1998.34,3910.68994140625,51.1
2007-12-29,1998.34,3910.68994140625,51.1
2007-12-30,1998.34,3910.68994140625,51.1
2007-12-31,1998.34,3910.68994140625,51.1
2008-01-01,1998.34,3910.69,51.1
2008-01-02,1998.34,3910.69,51.1
2008-01-03,1998.34,3910.69,51.1
2008-01-04,1998.34,3910.69,51.1
2008-01-05,1998.34,3910.69,51.1
2008-01-06,1998.34,3910.69,51.1
2008-01-07,1998.34,3910.69,51.1
2008-01-08,1998.34,3910.69,51.1
2008-01-09,1934.93,3910.69,49.48
2008-01-10,1932.29,3910.69,49.41
2008-01-11,1927.0,3910.69,49.28
2008-01-12,1921.72,3910.69,49.14
2008-01-13,1916.43,3910.69,49.0
2008-01-14,1911.15,3910.69,48.87
2008-01-15,1905.87,3910.69,48.73
2008-01-16,1900.58,3910.69,48.6
2008-01-17,1897.94,3910.69,48.53
2008-01-18,1895.3,3910.69,48.46
2008-01-19,1892.66,3910.69,48.4
2008-01-20,1892.66,3910.69,48.4
2008-01-21,1892.66,3910.69,48.4
2008-01-22,1887.37,3910.69,48.26
2008-01-23,1882.09,3910.69,48.13
2008-01-24,1876.8,3910.69,47.99
2008-01-25,1871.52,3910.69,47.86
2008-01-26,1871.52,3910.69,47.86
2008-01-27,1871.52,3910.69,47.86
2008-01-28,1860.95,3910.69,47.59
2008-01-29,1858.31,3910.69,47.52
2008-01-30,1858.31,3910.69,47.52
2008-01-31,1858.31,3910.69,47.52
2008-02-01,1858.31,3910.69,47.52
2008-02-02,1858.31,3910.69,47.52
2008-02-03,1858.31,3910.69,47.52
2008-02-04,1858.31,3910.69,47.52
2008-02-05,1855.67,3910.69,47.45
2008-02-06,1855.68,3910.69,47.45
2008-02-07,1853.03,3910.69,47.38
2008-02-08,1853.03,3910.69,47.38
2008-02-09,1853.03,3910.69,47.38
2008-02-10,1853.03,3910.69,47.38
2008-02-11,1850.38,3910.69,47.32
2008-02-12,1850.38,3910.69,47.32
2008-02-13,1850.38,3910.69,47.32
2008-02-14,1847.74,3910.69,47.25
2008-02-15,1847.74,3910.69,47.25
2008-02-16,1847.74,3910.69,47.25
2008-02-17,1847.74,3910.69,47.25
2008-02-18,1845.1,3910.69,47.18
2008-02-19,1845.1,3910.69,47.18
2008-02-20,1842.65,3910.69,47.12
2008-02-21,1842.65,3910.69,47.12
2008-02-22,1842.65,3910.69,47.12
2008-02-23,1842.65,3910.69,47.12
2008-02-24,1840.19,3910.69,47.06
2008-02-25,1840.19,3910.69,47.06
2008-02-26,1837.73,3910.69,46.99
2008-02-27,1837.73,3910.69,46.99
2008-02-28,1832.82,3910.69,46.87
2008-02-29,1832.82,3910.69,46.87
2008-03-01,1832.82,3910.69,46.87
2008-03-02,1827.92,3910.69,46.74
2008-03-03,1827.92,3910.69,46.74
2008-03-04,1823.01,3910.69,46.62
2008-03-05,1823.01,3910.69,46.62
2008-03-06,1820.55,3910.69,46.55
2008-03-07,1820.55,3910.69,46.55
2008-03-08,1820.55,3910.69,46.55
2008-03-09,1820.55,3910.69,46.55
2008-03-10,1820.55,3910.69,46.55
2008-03-11,1820.55,3910.69,46.55
2008-03-12,1820.55,3910.69,46.55
2008-03-13,1820.55,3910.69,46.55
2008-03-14,1805.82,3910.69,46.18
2008-03-15,1805.82,3910.69,46.18
2008-03-16,1805.82,3910.69,46.18
2008-03-17,1805.82,3910.69,46.18
2008-03-18,1805.82,3910.69,46.18
2008-03-19,1805.82,3910.69,46.18
2008-03-20,1805.82,3910.69,46.18
2008-03-21,1805.82,3910.69,46.18
2008-03-22,1805.82,3910.69,46.18
2008-03-23,1805.82,3910.69,46.18
2008-03-24,1756.72,3910.69,44.92
2008-03-25,1756.72,3910.69,44.92
2008-03-26,1751.81,3910.69,44.8
2008-03-27,1746.9,3910.69,44.67
2008-03-28,1744.44,3910.69,44.61
2008-03-29,1739.54,3910.69,44.48
2008-03-30,1739.54,3910.69,44.48
2008-03-31,1734.63,3910.69,44.36
2008-04-01,1722.35,3910.69,44.04
2008-04-02,1714.98,3910.69,43.85
2008-04-03,1707.62,3910.69,43.67
2008-04-04,1700.26,3910.69,43.48
2008-04-05,1695.34,3910.69,43.35
2008-04-06,1695.34,3910.69,43.35
2008-04-07,1683.07,3910.69,43.04
2008-04-08,1678.16,3910.69,42.91
2008-04-09,1673.25,3910.69,42.79
2008-04-10,1668.34,3910.69,42.66
2008-04-11,1663.43,3910.69,42.54
2008-04-12,1658.52,3910.69,42.41
2008-04-13,1658.52,3910.69,42.41
2008-04-14,1646.24,3910.69,42.1
2008-04-15,1641.33,3910.69,41.97
2008-04-16,1636.43,3910.69,41.85
2008-04-17,1631.52,3910.69,41.72
2008-04-18,1626.6,3910.69,41.59
2008-04-19,1626.6,3910.69,41.59
2008-04-20,1611.88,3910.69,41.22
2008-04-21,1611.88,3910.69,41.22
2008-04-22,1611.88,3910.69,41.22
2008-04-23,1590.52,3910.69,40.67
2008-04-24,1590.52,3910.69,40.67
2008-04-25,1590.52,3910.69,40.67
2008-04-26,1572.35,3910.69,40.21
2008-04-27,1572.85,3910.69,40.22
2008-04-28,1576.89,3910.69,40.32
2008-04-29,1585.97,3910.69,40.55
2008-04-30,1595.06,3910.69,40.79
2008-05-01,1595.06,3910.69,40.79
2008-05-02,1595.06,3910.69,40.79
2008-05-03,1595.06,3910.69,40.79
2008-05-04,1595.06,3910.69,40.79
2008-05-05,1592.79,3910.69,40.73
2008-05-06,1592.79,3910.69,40.73
2008-05-07,1592.79,3910.69,40.73
2008-05-08,1583.7,3910.69,40.5
2008-05-09,1579.16,3910.69,40.38
2008-05-10,1579.16,3910.69,40.38
2008-05-11,1579.16,3910.69,40.38
2008-05-12,1579.16,3910.69,40.38
2008-05-13,1560.99,3910.69,39.92
2008-05-14,1554.18,3910.69,39.74
2008-05-15,1547.37,3910.69,39.57
2008-05-16,1547.37,3910.69,39.57
2008-05-17,1547.37,3910.69,39.57
2008-05-18,1549.64,3910.69,39.63
2008-05-19,1549.64,3910.69,39.63
2008-05-20,1549.64,3910.69,39.63
2008-05-21,1549.64,3910.69,39.63
2008-05-22,1549.64,3910.69,39.63
2008-05-23,1549.64,3910.69,39.63
2008-05-24,1549.64,3910.69,39.63
2008-05-25,1549.64,3910.69,39.63
2008-05-26,1549.64,3910.69,39.63
2008-05-27,1547.37,3910.69,39.57
2008-05-28,1547.37,3910.69,39.57
2008-05-29,1547.37,3910.69,39.57
2008-05-30,1547.37,3910.69,39.57
2008-05-31,1547.37,3910.69,39.57
2008-06-01,1547.37,3910.69,39.57
2008-06-02,1545.1,3910.69,39.51
2008-06-03,1545.1,3910.69,39.51
2008-06-04,1542.82,3910.69,39.45
2008-06-05,1542.82,3910.69,39.45
2008-06-06,1533.74,3910.69,39.22
2008-06-07,1540.55,3910.69,39.39
2008-06-08,1540.55,3910.69,39.39
2008-06-09,1540.55,3910.69,39.39
2008-06-10,1542.82,3910.69,39.45
2008-06-11,1542.82,3910.69,39.45
2008-06-12,1545.1,3910.69,39.51
2008-06-13,1547.37,3910.69,39.57
2008-06-14,1547.37,3910.69,39.57
2008-06-15,1547.37,3910.69,39.57
2008-06-16,1547.37,3910.69,39.57
2008-06-17,1547.37,3910.69,39.57
2008-06-18,1545.1,3910.69,39.51
2008-06-19,1545.1,3910.69,39.51
2008-06-20,1545.1,3910.69,39.51
2008-06-21,1542.82,3910.69,39.45
2008-06-22,1542.82,3910.69,39.45
2008-06-23,1540.55,3910.69,39.39
2008-06-24,1540.55,3910.69,39.39
2008-06-25,1540.55,3910.69,39.39
2008-06-26,1538.28,3910.69,39.34
2008-06-27,1538.28,3910.69,39.34
2008-06-28,1536.01,3910.69,39.28
2008-06-29,1536.01,3910.69,39.28
2008-06-30,1533.74,3910.69,39.22
2008-07-01,1533.74,3910.69,39.22
2008-07-02,1531.47,3910.69,39.16
2008-07-03,1531.47,3910.69,39.16
2008-07-04,1506.49,3910.69,38.52
2008-07-05,1506.49,3910.69,38.52
2008-07-06,1506.49,3910.69,38.52
2008-07-07,1506.49,3910.69,38.52
2008-07-08,1565.54,3910.69,40.03
2008-07-09,1599.6,3910.69,40.9
2008-07-10,1631.52,3910.69,41.72
2008-07-11,1656.06,3910.69,42.35
2008-07-12,1675.7,3910.69,42.85
2008-07-13,1685.53,3910.69,43.1
2008-07-14,1690.44,3910.69,43.23
2008-07-15,1697.8,3910.69,43.41
2008-07-16,1697.8,3910.69,43.41
2008-07-17,1700.8,3910.69,43.49
2008-07-18,1700.8,3910.69,43.49
2008-07-19,1705.17,3910.69,43.6
2008-07-20,1707.62,3910.69,43.67
2008-07-21,1707.62,3910.69,43.67
2008-07-22,1710.07,3910.69,43.73
2008-07-23,1712.53,3910.69,43.79
2008-07-24,1714.98,3910.69,43.85
2008-07-25,1717.44,3910.69,43.92
2008-07-26,1719.9,3910.69,43.98
2008-07-27,1722.35,3910.69,44.04
2008-07-28,1722.35,3910.69,44.04
2008-07-29,1722.35,3910.69,44.04
2008-07-30,1722.35,3910.69,44.04
2008-07-31,1722.35,3910.69,44.04
2008-08-01,1722.35,3910.69,44.04
2008-08-02,1722.35,3910.69,44.04
2008-08-03,1722.35,3910.69,44.04
2008-08-04,1722.35,3910.69,44.04
2008-08-05,1719.9,3910.69,43.98
2008-08-06,1719.9,3910.69,43.98
2008-08-07,1717.44,3910.69,43.92
2008-08-08,1717.44,3910.69,43.92
2008-08-09,1714.98,3910.69,43.85
2008-08-10,1714.98,3910.69,43.85
2008-08-11,1712.53,3910.69,43.79
2008-08-12,1712.53,3910.69,43.79
2008-08-13,1710.07,3910.69,43.73
2008-08-14,1710.07,3910.69,43.73
2008-08-15,1707.62,3910.69,43.67
2008-08-16,1707.62,3910.69,43.67
2008-08-17,1705.17,3910.69,43.6
2008-08-18,1705.17,3910.69,43.6
2008-08-19,1702.71,3910.69,43.54
2008-08-20,1702.71,3910.69,43.54
2008-08-21,1700.26,3910.69,43.48
2008-08-22,1700.26,3910.69,43.48
2008-08-23,1700.26,3910.69,43.48
2008-08-24,1705.17,3910.69,43.6
2008-08-25,1710.07,3910.69,43.73
2008-08-26,1722.35,3910.69,44.04
2008-08-27,1746.9,3910.69,44.67
2008-08-28,1746.9,3910.69,44.67
2008-08-29,1786.18,3910.69,45.67
2008-08-30,1796.0,3910.69,45.93
2008-08-31,1810.73,3910.69,46.3
2008-09-01,1820.55,3910.69,46.55
2008-09-02,1832.82,3910.69,46.87
2008-09-03,1845.1,3910.69,47.18
2008-09-04,1855.87,3910.69,47.46
2008-09-05,1855.87,3910.69,47.46
2008-09-06,1860.95,3910.69,47.59
2008-09-07,1866.24,3910.69,47.72
2008-09-08,1871.52,3910.69,47.86
2008-09-09,1897.94,3910.69,48.53
2008-09-10,1919.08,3910.69,49.07
2008-09-11,1929.64,3910.69,49.34
2008-09-12,1942.85,3910.69,49.68
2008-09-13,1953.42,3910.69,49.95
2008-09-14,1971.92,3910.69,50.42
2008-09-15,1977.2,3910.69,50.56
2008-09-16,2016.83,3910.69,51.57
2008-09-17,2082.88,3910.69,53.26
2008-09-18,2137.62,3910.69,54.66
2008-09-19,2174.44,3910.69,55.6
2008-09-20,2197.09,3910.69,56.18
2008-09-21,2222.58,3910.69,56.83
2008-09-22,2228.24,3910.69,56.98
2008-09-23,2245.24,3910.69,57.41
2008-09-24,2265.06,3910.69,57.92
2008-09-25,2287.72,3910.69,58.5
2008-09-26,2287.72,3910.69,58.5
2008-09-27,2453.04,3910.69,62.73
2008-09-28,2498.45,3910.69,63.89
2008-09-29,2540.82,3910.69,64.97
2008-09-30,2558.99,3910.69,65.44
2008-10-01,2574.12,3910.69,65.82
2008-10-02,2592.28,3910.69,66.29
2008-10-03,2604.39,3910.69,66.6
2008-10-04,2613.47,3910.69,66.83
2008-10-05,2619.52,3910.69,66.98
2008-10-06,2634.66,3910.69,67.37
2008-10-07,2640.71,3910.69,67.53
2008-10-08,2646.77,3910.69,67.68
2008-10-09,2652.82,3910.69,67.84
2008-10-10,2677.04,3910.69,68.45
2008-10-11,2695.2,3910.69,68.92
2008-10-12,2704.9,3910.69,69.17
2008-10-13,2714.6,3910.69,69.41
2008-10-14,2724.3,3910.69,69.66
2008-10-15,2734.0,3910.69,69.91
2008-10-16,2743.7,3910.69,70.16
2008-10-17,2753.39,3910.69,70.41
2008-10-18,2763.09,3910.69,70.65
2008-10-19,2769.56,3910.69,70.82
2008-10-20,2782.49,3910.69,71.15
2008-10-21,2795.42,3910.69,71.48
2008-10-22,2805.12,3910.69,71.73
2008-10-23,2811.59,3910.69,71.89
2008-10-24,2811.59,3910.69,71.89
2008-10-25,2811.59,3910.69,71.89
2008-10-26,2811.59,3910.69,71.89
2008-10-27,2821.29,3910.69,72.14
2008-10-28,2824.52,3910.69,72.23
2008-10-29,2827.75,3910.69,72.31
2008-10-30,2830.99,3910.69,72.39
2008-10-31,2834.22,3910.69,72.47
2008-11-01,2840.69,3910.69,72.64
2008-11-02,2840.69,3910.69,72.64
2008-11-03,2840.69,3910.69,72.64
2008-11-04,2850.38,3910.69,72.89
2008-11-05,2853.62,3910.69,72.97
2008-11-06,2856.85,3910.69,73.05
2008-11-07,2860.08,3910.69,73.13
2008-11-08,2863.32,3910.69,73.22
2008-11-09,2866.55,3910.69,73.3
2008-11-10,2869.78,3910.69,73.38
2008-11-11,2873.01,3910.69,73.47
2008-11-12,2876.25,3910.69,73.55
2008-11-13,2879.48,3910.69,73.63
2008-11-14,2889.18,3910.69,73.88
2008-11-15,2892.41,3910.69,73.96
2008-11-16,2889.18,3910.69,73.88
2008-11-17,2889.18,3910.69,73.88
2008-11-18,2889.18,3910.69,73.88
2008-11-19,2889.18,3910.69,73.88
2008-11-20,2889.18,3910.69,73.88
2008-11-21,2889.18,3910.69,73.88
2008-11-22,2889.18,3910.69,73.88
2008-11-23,2889.18,3910.69,73.88
2008-11-24,2889.18,3910.69,73.88
2008-11-25,2889.18,3910.69,73.88
2008-11-26,2889.18,3910.69,73.88
2008-11-27,2889.18,3910.69,73.88
2008-11-28,2889.18,3910.69,73.88
2008-11-29,2889.18,3910.69,73.88
2008-11-30,2889.18,3910.69,73.88
2008-12-01,2889.18,3910.69,73.88
2008-12-02,2889.18,3910.69,73.88
2008-12-03,2889.18,3910.69,73.88
2008-12-04,2889.18,3910.69,73.88
2008-12-05,2889.18,3910.69,73.88
2008-12-06,2889.18,3910.69,73.88
2008-12-07,2889.18,3910.69,73.88
2008-12-08,2889.18,3910.69,73.88
2008-12-09,2889.18,3910.69,73.88
2008-12-10,2889.18,3910.69,73.88
2008-12-11,2889.18,3910.69,73.88
2008-12-12,2889.18,3910.69,73.88
2008-12-13,2889.18,3910.69,73.88
2008-12-14,2889.18,3910.69,73.88
2008-12-15,2889.18,3910.69,73.88
2008-12-16,2889.18,3910.69,73.88
2008-12-17,2889.18,3910.69,73.88
2008-12-18,2889.18,3910.69,73.88
2008-12-19,2889.18,3910.69,73.88
2008-12-20,2889.18,3910.69,73.88
2008-12-21,2889.18,3910.69,73.88
2008-12-22,2889.18,3910.69,73.88
2008-12-23,2889.18,3910.69,73.88
2008-12-24,2889.18,3910.69,73.88
2008-12-25,2882.71,3910.69,73.71
2008-12-26,2882.71,3910.69,73.71
2008-12-27,2882.71,3910.69,73.71
2008-12-28,2882.71,3910.69,73.71
2008-12-29,2866.55,3910.69,73.3
2008-12-30,2866.55,3910.69,73.3
2008-12-31,2860.08,3910.69,73.13
2009-01-01,2860.08,3910.68994140625,73.13
2009-01-02,2860.08,3910.68994140625,73.13
2009-01-03,2860.08,3910.68994140625,73.13
2009-01-04,2860.08,3910.68994140625,73.13
2009-01-05,2856.85,3910.68994140625,73.05
2009-01-06,2853.62,3910.68994140625,72.97
2009-01-07,2853.62,3910.68994140625,72.97
2009-01-08,2850.38,3910.68994140625,72.89
2009-01-09,2850.38,3910.68994140625,72.89
2009-01-10,2847.15,3910.68994140625,72.8
2009-01-11,2843.92,3910.68994140625,72.72
2009-01-12,2840.69,3910.68994140625,72.64
2009-01-13,2840.69,3910.68994140625,72.64
2009-01-14,2834.22,3910.68994140625,72.47
2009-01-15,2830.99,3910.68994140625,72.39
2009-01-16,2827.75,3910.68994140625,72.31
2009-01-17,2824.52,3910.68994140625,72.23
2009-01-18,2824.52,3910.68994140625,72.23
2009-01-19,2818.05,3910.68994140625,72.06
2009-01-20,2814.82,3910.68994140625,71.98
2009-01-21,2811.59,3910.68994140625,71.89
2009-01-22,2808.35,3910.68994140625,71.81
2009-01-23,2805.12,3910.68994140625,71.73
2009-01-24,2801.89,3910.68994140625,71.65
2009-01-25,2798.66,3910.68994140625,71.56
2009-01-26,2795.42,3910.68994140625,71.48
2009-01-27,2792.19,3910.68994140625,71.4
2009-01-28,2788.96,3910.68994140625,71.32
2009-01-29,2785.72,3910.68994140625,71.23
2009-01-30,2782.49,3910.68994140625,71.15
2009-01-31,2779.26,3910.68994140625,71.07
2009-02-01,2776.02,3910.68994140625,70.99
2009-02-02,2772.79,3910.68994140625,70.9
2009-02-03,2772.79,3910.68994140625,70.9
2009-02-04,2772.79,3910.68994140625,70.9
2009-02-05,2772.79,3910.68994140625,70.9
2009-02-06,2772.79,3910.68994140625,70.9
2009-02-07,2772.79,3910.68994140625,70.9
2009-02-08,2772.79,3910.68994140625,70.9
2009-02-09,2772.79,3910.68994140625,70.9
2009-02-10,2772.79,3910.68994140625,70.9
2009-02-11,2772.79,3910.68994140625,70.9
2009-02-12,2772.79,3910.68994140625,70.9
2009-02-13,2769.56,3910.68994140625,70.82
2009-02-14,2769.56,3910.68994140625,70.82
2009-02-15,2769.56,3910.68994140625,70.82
2009-02-16,2769.56,3910.68994140625,70.82
2009-02-17,2769.56,3910.68994140625,70.82
2009-02-18,2769.56,3910.68994140625,70.82
2009-02-19,2769.56,3910.68994140625,70.82
2009-02-20,2769.56,3910.68994140625,70.82
2009-02-21,2769.56,3910.68994140625,70.82
2009-02-22,2769.56,3910.68994140625,70.82
2009-02-23,2766.33,3910.68994140625,70.74
2009-02-24,2766.33,3910.68994140625,70.74
2009-02-25,2766.33,3910.68994140625,70.74
2009-02-26,2766.33,3910.68994140625,70.74
2009-02-27,2766.33,3910.68994140625,70.74
2009-02-28,2766.3,3910.68994140625,70.74
2009-03-01,2763.09,3910.68994140625,70.65
2009-03-02,2763.09,3910.68994140625,70.65
2009-03-03,2763.09,3910.68994140625,70.65
2009-03-04,2759.86,3910.68994140625,70.57
2009-03-05,2759.86,3910.68994140625,70.57
2009-03-06,2759.86,3910.68994140625,70.57
2009-03-07,2759.86,3910.68994140625,70.57
2009-03-08,2759.86,3910.68994140625,70.57
2009-03-09,2756.63,3910.68994140625,70.49
2009-03-10,2756.63,3910.68994140625,70.49
2009-03-11,2756.63,3910.68994140625,70.49
2009-03-12,2750.16,3910.68994140625,70.32
2009-03-13,2750.16,3910.68994140625,70.32
2009-03-14,2750.16,3910.68994140625,70.32
2009-03-15,2746.93,3910.68994140625,70.24
2009-03-16,2746.93,3910.68994140625,70.24
2009-03-17,2746.93,3910.68994140625,70.24
2009-03-18,2743.7,3910.68994140625,70.16
2009-03-19,2737.23,3910.68994140625,69.99
2009-03-20,2734.0,3910.68994140625,69.91
2009-03-21,2727.83,3910.68994140625,69.75
2009-03-22,2727.83,3910.68994140625,69.75
2009-03-23,2727.83,3910.68994140625,69.75
2009-03-24,2711.36,3910.68994140625,69.33
2009-03-25,2704.9,3910.68994140625,69.17
2009-03-26,2704.9,3910.68994140625,69.17
2009-03-27,2692.17,3910.68994140625,68.84
2009-03-28,2686.12,3910.68994140625,68.69
2009-03-29,2680.06,3910.68994140625,68.53
2009-03-30,2674.01,3910.68994140625,68.38
2009-03-31,2674.01,3910.68994140625,68.38
2009-04-01,2661.9,3910.68994140625,68.07
2009-04-02,2655.85,3910.68994140625,67.91
2009-04-03,2649.79,3910.68994140625,67.76
2009-04-04,2649.79,3910.68994140625,67.76
2009-04-05,2649.79,3910.68994140625,67.76
2009-04-06,2628.61,3910.68994140625,67.22
2009-04-07,2628.61,3910.68994140625,67.22
2009-04-08,2616.5,3910.68994140625,66.91
2009-04-09,2610.44,3910.68994140625,66.75
2009-04-10,2610.44,3910.68994140625,66.75
2009-04-11,2598.34,3910.68994140625,66.44
2009-04-12,2598.34,3910.68994140625,66.44
2009-04-13,2598.34,3910.68994140625,66.44
2009-04-14,2598.34,3910.68994140625,66.44
2009-04-15,2574.12,3910.68994140625,65.82
2009-04-16,2568.07,3910.68994140625,65.67
2009-04-17,2568.07,3910.68994140625,65.67
2009-04-18,2568.07,3910.68994140625,65.67
2009-04-19,2549.9,3910.68994140625,65.2
2009-04-20,2546.88,3910.68994140625,65.13
2009-04-21,2543.85,3910.68994140625,65.05
2009-04-22,2537.8,3910.68994140625,64.89
2009-04-23,2531.74,3910.68994140625,64.74
2009-04-24,2525.69,3910.68994140625,64.58
2009-04-25,2519.63,3910.68994140625,64.43
2009-04-26,2513.58,3910.68994140625,64.27
2009-04-27,2507.53,3910.68994140625,64.12
2009-04-28,2501.47,3910.68994140625,63.96
2009-04-29,2495.42,3910.68994140625,63.81
2009-04-30,2495.42,3910.68994140625,63.81
2009-05-01,2483.31,3910.68994140625,63.5
2009-05-02,2477.26,3910.68994140625,63.35
2009-05-03,2471.2,3910.68994140625,63.19
2009-05-04,2465.15,3910.68994140625,63.04
2009-05-05,2465.15,3910.68994140625,63.04
2009-05-06,2453.04,3910.68994140625,62.73
2009-05-07,2446.99,3910.68994140625,62.57
2009-05-08,2440.93,3910.68994140625,62.42
2009-05-09,2434.88,3910.68994140625,62.26
2009-05-10,2428.82,3910.68994140625,62.11
2009-05-11,2422.77,3910.68994140625,61.95
2009-05-12,2416.72,3910.68994140625,61.8
2009-05-13,2410.66,3910.68994140625,61.64
2009-05-14,2404.61,3910.68994140625,61.49
2009-05-15,2398.55,3910.68994140625,61.33
2009-05-16,2395.53,3910.68994140625,61.26
2009-05-17,2392.5,3910.68994140625,61.18
2009-05-18,2398.55,3910.68994140625,61.33
2009-05-19,2401.58,3910.68994140625,61.41
2009-05-20,2395.53,3910.68994140625,61.26
2009-05-21,2389.67,3910.68994140625,61.11
2009-05-22,2384.0,3910.68994140625,60.96
2009-05-23,2378.34,3910.68994140625,60.82
2009-05-24,2375.51,3910.68994140625,60.74
2009-05-25,2375.51,3910.68994140625,60.74
2009-05-26,2375.51,3910.68994140625,60.74
2009-05-27,2372.68,3910.68994140625,60.67
2009-05-28,2372.68,3910.68994140625,60.67
2009-05-29,2372.68,3910.68994140625,60.67
2009-05-30,2375.51,3910.68994140625,60.74
2009-05-31,2375.51,3910.68994140625,60.74
2009-06-01,2378.34,3910.68994140625,60.82
2009-06-02,2378.34,3910.68994140625,60.82
2009-06-03,2378.34,3910.68994140625,60.82
2009-06-04,2378.34,3910.68994140625,60.82
2009-06-05,2378.34,3910.68994140625,60.82
2009-06-06,2378.34,3910.68994140625,60.82
2009-06-07,2378.34,3910.68994140625,60.82
2009-06-08,2378.34,3910.68994140625,60.82
2009-06-09,2378.34,3910.68994140625,60.82
2009-06-10,2378.34,3910.68994140625,60.82
2009-06-11,2372.68,3910.68994140625,60.67
2009-06-12,2372.68,3910.68994140625,60.67
2009-06-13,2372.68,3910.68994140625,60.67
2009-06-14,2369.84,3910.68994140625,60.6
2009-06-15,2369.84,3910.68994140625,60.6
2009-06-16,2364.18,3910.68994140625,60.45
2009-06-17,2364.18,3910.68994140625,60.45
2009-06-18,2361.35,3910.68994140625,60.38
2009-06-19,2361.35,3910.68994140625,60.38
2009-06-20,2361.35,3910.68994140625,60.38
2009-06-21,2358.52,3910.68994140625,60.31
2009-06-22,2358.52,3910.68994140625,60.31
2009-06-23,2350.02,3910.68994140625,60.09
2009-06-24,2350.02,3910.68994140625,60.09
2009-06-25,2358.52,3910.68994140625,60.31
2009-06-26,2364.18,3910.68994140625,60.45
2009-06-27,2364.18,3910.68994140625,60.45
2009-06-28,2364.18,3910.68994140625,60.45
2009-06-29,2364.18,3910.68994140625,60.45
2009-06-30,2364.18,3910.68994140625,60.45
2009-07-01,2361.35,3910.68994140625,60.38
2009-07-02,2358.52,3910.68994140625,60.31
2009-07-03,2358.52,3910.68994140625,60.31
2009-07-04,2358.52,3910.68994140625,60.31
2009-07-05,2355.68,3910.68994140625,60.24
2009-07-06,2352.85,3910.68994140625,60.16
2009-07-07,2352.85,3910.68994140625,60.16
2009-07-08,2352.85,3910.68994140625,60.16
2009-07-09,2352.85,3910.68994140625,60.16
2009-07-10,2352.85,3910.68994140625,60.16
2009-07-11,2352.85,3910.68994140625,60.16
2009-07-12,2352.85,3910.68994140625,60.16
2009-07-13,2352.85,3910.68994140625,60.16
2009-07-14,2352.85,3910.68994140625,60.16
2009-07-15,2352.85,3910.68994140625,60.16
2009-07-16,2350.0,3910.68994140625,60.09
2009-07-17,2341.52,3910.68994140625,59.87
2009-07-18,2341.52,3910.68994140625,59.87
2009-07-19,2341.52,3910.68994140625,59.87
2009-07-20,2335.86,3910.68994140625,59.73
2009-07-21,2335.86,3910.68994140625,59.73
2009-07-22,2335.86,3910.68994140625,59.73
2009-07-23,2335.86,3910.68994140625,59.73
2009-07-24,2304.71,3910.68994140625,58.93
2009-07-25,2301.876,3910.68994140625,58.86
2009-07-26,2301.876,3910.68994140625,58.86
2009-07-27,2299.044,3910.68994140625,58.79
2009-07-28,2299.044,3910.68994140625,58.79
2009-07-29,2299.044,3910.68994140625,58.79
2009-07-30,2299.044,3910.68994140625,58.79
2009-07-31,2299.044,3910.68994140625,58.79
2009-08-01,2299.044,3910.68994140625,58.79
2009-08-02,2299.044,3910.68994140625,58.79
2009-08-03,2299.044,3910.68994140625,58.79
2009-08-04,2276.39,3910.68994140625,58.21
2009-08-05,2273.56,3910.68994140625,58.14
2009-08-06,2273.56,3910.68994140625,58.14
2009-08-07,2270.72,3910.68994140625,58.06
2009-08-08,2270.72,3910.68994140625,58.06
2009-08-09,2265.06,3910.68994140625,57.92
2009-08-10,2265.06,3910.68994140625,57.92
2009-08-11,2262.23,3910.68994140625,57.85
2009-08-12,2262.23,3910.68994140625,57.85
2009-08-13,2262.23,3910.68994140625,57.85
2009-08-14,2259.4,3910.68994140625,57.77
2009-08-15,2259.4,3910.68994140625,57.77
2009-08-16,2259.4,3910.68994140625,57.77
2009-08-17,2259.4,3910.68994140625,57.77
2009-08-18,2250.9,3910.68994140625,57.56
2009-08-19,2248.07,3910.68994140625,57.49
2009-08-20,2245.24,3910.68994140625,57.41
2009-08-21,2242.4,3910.68994140625,57.34
2009-08-22,2242.4,3910.68994140625,57.34
2009-08-23,2236.74,3910.68994140625,57.2
2009-08-24,2236.74,3910.68994140625,57.2
2009-08-25,2233.91,3910.68994140625,57.12
2009-08-26,2231.08,3910.68994140625,57.05
2009-08-27,2231.08,3910.68994140625,57.05
2009-08-28,2228.24,3910.68994140625,56.98
2009-08-29,2228.24,3910.68994140625,56.98
2009-08-30,2225.41,3910.68994140625,56.91
2009-08-31,2225.41,3910.68994140625,56.91
2009-09-01,2225.41,3910.68994140625,56.91
2009-09-02,2225.41,3910.68994140625,56.91
2009-09-03,2228.24,3910.68994140625,56.98
2009-09-04,2228.24,3910.68994140625,56.98
2009-09-05,2228.24,3910.68994140625,56.98
2009-09-06,2228.24,3910.68994140625,56.98
2009-09-07,2228.24,3910.68994140625,56.98
2009-09-08,2228.24,3910.68994140625,56.98
2009-09-09,2228.24,3910.68994140625,56.98
2009-09-10,2228.24,3910.68994140625,56.98
2009-09-11,2228.24,3910.68994140625,56.98
2009-09-12,2287.72,3910.68994140625,58.5
2009-09-13,2296.21,3910.68994140625,58.72
2009-09-14,2313.2,3910.68994140625,59.15
2009-09-15,2318.87,3910.68994140625,59.3
2009-09-16,2318.87,3910.68994140625,59.3
2009-09-17,2324.53,3910.68994140625,59.44
2009-09-18,2327.36,3910.68994140625,59.51
2009-09-19,2330.2,3910.68994140625,59.59
2009-09-20,2335.86,3910.68994140625,59.73
2009-09-21,2338.69,3910.68994140625,59.8
2009-09-22,2344.36,3910.68994140625,59.95
2009-09-23,2347.19,3910.68994140625,60.02
2009-09-24,2352.85,3910.68994140625,60.16
2009-09-25,2350.02,3910.68994140625,60.09
2009-09-26,2350.02,3910.68994140625,60.09
2009-09-27,2350.02,3910.68994140625,60.09
2009-09-28,2350.02,3910.68994140625,60.09
2009-09-29,2352.85,3910.68994140625,60.16
2009-09-30,2358.52,3910.68994140625,60.31
2009-10-01,2358.52,3910.68994140625,60.31
2009-10-02,2358.52,3910.68994140625,60.31
2009-10-03,2358.52,3910.68994140625,60.31
2009-10-04,2358.52,3910.68994140625,60.31
2009-10-05,2358.52,3910.68994140625,60.31
2009-10-06,2361.35,3910.68994140625,60.38
2009-10-07,2361.35,3910.68994140625,60.38
2009-10-08,2361.35,3910.68994140625,60.38
2009-10-09,2361.35,3910.68994140625,60.38
2009-10-10,2361.35,3910.68994140625,60.38
2009-10-11,2361.35,3910.68994140625,60.38
2009-10-12,2361.35,3910.68994140625,60.38
2009-10-13,2361.35,3910.68994140625,60.38
2009-10-14,2358.52,3910.68994140625,60.31
2009-10-15,2358.52,3910.68994140625,60.31
2009-10-16,2358.52,3910.68994140625,60.31
2009-10-17,2358.52,3910.68994140625,60.31
2009-10-18,2358.52,3910.68994140625,60.31
2009-10-19,2358.52,3910.68994140625,60.31
2009-10-20,2364.18,3910.68994140625,60.45
2009-10-21,2364.18,3910.68994140625,60.45
2009-10-22,2364.18,3910.68994140625,60.45
2009-10-23,2364.18,3910.68994140625,60.45
2009-10-24,2364.18,3910.68994140625,60.45
2009-10-25,2364.18,3910.68994140625,60.45
2009-10-26,2364.18,3910.68994140625,60.45
2009-10-27,2364.18,3910.68994140625,60.45
2009-10-28,2364.18,3910.68994140625,60.45
2009-10-29,2364.18,3910.68994140625,60.45
2009-10-30,2364.18,3910.68994140625,60.45
2009-10-31,2364.18,3910.68994140625,60.45
2009-11-01,2364.18,3910.68994140625,60.45
2009-11-02,2364.18,3910.68994140625,60.45
2009-11-03,2364.18,3910.68994140625,60.45
2009-11-04,2364.18,3910.68994140625,60.45
2009-11-05,2364.18,3910.68994140625,60.45
2009-11-06,2361.35,3910.68994140625,60.38
2009-11-07,2361.35,3910.68994140625,60.38
2009-11-08,2361.35,3910.68994140625,60.38
2009-11-09,2361.35,3910.68994140625,60.38
2009-11-10,2361.35,3910.68994140625,60.38
2009-11-11,2358.52,3910.68994140625,60.31
2009-11-12,2358.52,3910.68994140625,60.31
2009-11-13,2358.52,3910.68994140625,60.31
2009-11-14,2358.52,3910.68994140625,60.31
2009-11-15,2358.52,3910.68994140625,60.31
2009-11-16,2355.68,3910.68994140625,60.24
2009-11-17,2355.68,3910.68994140625,60.24
2009-11-18,2355.68,3910.68994140625,60.24
2009-11-19,2355.68,3910.68994140625,60.24
2009-11-20,2352.85,3910.68994140625,60.16
2009-11-21,2352.85,3910.68994140625,60.16
2009-11-22,2352.85,3910.68994140625,60.16
2009-11-23,2352.85,3910.68994140625,60.16
2009-11-24,2350.02,3910.68994140625,60.09
2009-11-25,2350.02,3910.68994140625,60.09
2009-11-26,2350.02,3910.68994140625,60.09
2009-11-27,2350.02,3910.68994140625,60.09
2009-11-28,2350.02,3910.68994140625,60.09
2009-11-29,2347.19,3910.68994140625,60.02
2009-11-30,2347.19,3910.68994140625,60.02
2009-12-01,2347.19,3910.68994140625,60.02
2009-12-02,2344.36,3910.68994140625,59.95
2009-12-03,2344.36,3910.68994140625,59.95
2009-12-04,2344.36,3910.68994140625,59.95
2009-12-05,2344.36,3910.68994140625,59.95
2009-12-06,2341.52,3910.68994140625,59.87
2009-12-07,2341.52,3910.68994140625,59.87
2009-12-08,2335.86,3910.68994140625,59.73
2009-12-09,2333.03,3910.68994140625,59.66
2009-12-10,2330.2,3910.68994140625,59.59
2009-12-11,2324.53,3910.68994140625,59.44
2009-12-12,2321.7,3910.68994140625,59.37
2009-12-13,2316.04,3910.68994140625,59.22
2009-12-14,2313.2,3910.68994140625,59.15
2009-12-15,2307.54,3910.68994140625,59.01
2009-12-16,2301.88,3910.68994140625,58.86
2009-12-17,2296.21,3910.68994140625,58.72
2009-12-18,2293.38,3910.68994140625,58.64
2009-12-19,2290.55,3910.68994140625,58.57
2009-12-20,2290.55,3910.68994140625,58.57
2009-12-21,2290.55,3910.68994140625,58.57
2009-12-22,2290.55,3910.68994140625,58.57
2009-12-23,2290.55,3910.68994140625,58.57
2009-12-24,2290.55,3910.68994140625,58.57
2009-12-25,2290.55,3910.68994140625,58.57
2009-12-26,2284.88,3910.68994140625,58.43
2009-12-27,2284.88,3910.68994140625,58.43
2009-12-28,2293.38,3910.68994140625,58.64
2009-12-29,2293.38,3910.68994140625,58.64
2009-12-30,2276.34,3910.68994140625,58.21
2009-12-31,2273.56,3910.68994140625,58.14
2010-01-01,2273.56,3910.68994140625,58.14
2010-01-02,2267.89,3910.68994140625,57.99
2010-01-03,2265.06,3910.68994140625,57.92
2010-01-04,2259.4,3910.68994140625,57.77
2010-01-05,2256.56,3910.68994140625,57.7
2010-01-06,2250.9,3910.68994140625,57.56
2010-01-07,2245.28,3910.68994140625,57.41
2010-01-08,2239.57,3910.68994140625,57.27
2010-01-09,2233.91,3910.68994140625,57.12
2010-01-10,2228.24,3910.68994140625,56.98
2010-01-11,2228.24,3910.68994140625,56.98
2010-01-12,2216.92,3910.68994140625,56.69
2010-01-13,2211.25,3910.68994140625,56.54
2010-01-14,2205.59,3910.68994140625,56.4
2010-01-15,2205.59,3910.68994140625,56.4
2010-01-16,2202.76,3910.68994140625,56.33
2010-01-17,2202.76,3910.68994140625,56.33
2010-01-18,2199.92,3910.68994140625,56.25
2010-01-19,2194.26,3910.68994140625,56.11
2010-01-20,2191.43,3910.68994140625,56.04
2010-01-21,2188.6,3910.68994140625,55.96
2010-01-22,2185.76,3910.68994140625,55.89
2010-01-23,2185.76,3910.68994140625,55.89
2010-01-24,2185.76,3910.68994140625,55.89
2010-01-25,2182.93,3910.68994140625,55.82
2010-01-26,2180.1,3910.68994140625,55.75
2010-01-27,2177.27,3910.68994140625,55.67
2010-01-28,2171.6,3910.68994140625,55.53
2010-01-29,2165.94,3910.68994140625,55.39
2010-01-30,2160.28,3910.68994140625,55.24
2010-01-31,2163.11,3910.68994140625,55.31
2010-02-01,2160.28,3910.68994140625,55.24
2010-02-02,2160.28,3910.68994140625,55.24
2010-02-03,2160.28,3910.68994140625,55.24
2010-02-04,2163.11,3910.68994140625,55.31
2010-02-05,2165.94,3910.68994140625,55.39
2010-02-06,2165.94,3910.68994140625,55.39
2010-02-07,2165.94,3910.68994140625,55.39
2010-02-08,2165.94,3910.68994140625,55.39
2010-02-09,2165.94,3910.68994140625,55.39
2010-02-10,2165.94,3910.68994140625,55.39
2010-02-11,2165.94,3910.68994140625,55.39
2010-02-12,2165.94,3910.68994140625,55.39
2010-02-13,2165.94,3910.68994140625,55.39
2010-02-14,2165.94,3910.68994140625,55.39
2010-02-15,2165.94,3910.68994140625,55.39
2010-02-16,2163.11,3910.68994140625,55.31
2010-02-17,2160.28,3910.68994140625,55.24
2010-02-18,2157.44,3910.68994140625,55.17
2010-02-19,2157.44,3910.68994140625,55.17
2010-02-20,2157.44,3910.68994140625,55.17
2010-02-21,2157.44,3910.68994140625,55.17
2010-02-22,2157.44,3910.68994140625,55.17
2010-02-23,2157.44,3910.68994140625,55.17
2010-02-24,2157.44,3910.68994140625,55.17
2010-02-25,2157.44,3910.68994140625,55.17
2010-02-26,2157.44,3910.68994140625,55.17
2010-02-27,2157.44,3910.68994140625,55.17
2010-02-28,2157.44,3910.68994140625,55.17
2010-03-01,2157.44,3910.68994140625,55.17
2010-03-02,2154.61,3910.68994140625,55.1
2010-03-03,2154.61,3910.68994140625,55.1
2010-03-04,2148.95,3910.68994140625,54.95
2010-03-05,2146.12,3910.68994140625,54.88
2010-03-06,2146.12,3910.68994140625,54.88
2010-03-07,2146.12,3910.68994140625,54.88
2010-03-08,2146.12,3910.68994140625,54.88
2010-03-09,2143.28,3910.68994140625,54.81
2010-03-10,2143.28,3910.68994140625,54.81
2010-03-11,2143.28,3910.68994140625,54.81
2010-03-12,2140.45,3910.68994140625,54.73
2010-03-13,2140.45,3910.68994140625,54.73
2010-03-14,2140.45,3910.68994140625,54.73
2010-03-15,2137.62,3910.68994140625,54.66
2010-03-16,2137.62,3910.68994140625,54.66
2010-03-17,2137.62,3910.68994140625,54.66
2010-03-18,2137.62,3910.68994140625,54.66
2010-03-19,2134.78,3910.68994140625,54.59
2010-03-20,2134.78,3910.68994140625,54.59
2010-03-21,2134.78,3910.68994140625,54.59
2010-03-22,2134.78,3910.68994140625,54.59
2010-03-23,2129.12,3910.68994140625,54.44
2010-03-24,2126.29,3910.68994140625,54.37
2010-03-25,2126.29,3910.68994140625,54.37
2010-03-26,2123.46,3910.68994140625,54.3
2010-03-27,2120.63,3910.68994140625,54.23
2010-03-28,2114.96,3910.68994140625,54.08
2010-03-29,2109.3,3910.68994140625,53.94
2010-03-30,2104.02,3910.68994140625,53.8
2010-03-31,2098.73,3910.68994140625,53.67
2010-04-01,2093.45,3910.68994140625,53.53
2010-04-02,2093.45,3910.68994140625,53.53
2010-04-03,2082.88,3910.68994140625,53.26
2010-04-04,2082.88,3910.68994140625,53.26
2010-04-05,2072.31,3910.68994140625,52.99
2010-04-06,2067.03,3910.68994140625,52.86
2010-04-07,2069.67,3910.68994140625,52.92
2010-04-08,2064.39,3910.68994140625,52.79
2010-04-09,2059.1,3910.68994140625,52.65
2010-04-10,2056.46,3910.68994140625,52.59
2010-04-11,2051.18,3910.68994140625,52.45
2010-04-12,2048.53,3910.68994140625,52.38
2010-04-13,2048.53,3910.68994140625,52.38
2010-04-14,2051.18,3910.68994140625,52.45
2010-04-15,2048.53,3910.68994140625,52.38
2010-04-16,2045.89,3910.68994140625,52.32
2010-04-17,2045.89,3910.68994140625,52.32
2010-04-18,2045.89,3910.68994140625,52.32
2010-04-19,2045.89,3910.68994140625,52.32
2010-04-20,2077.6,3910.68994140625,53.13
2010-04-21,2082.88,3910.68994140625,53.26
2010-04-22,2088.16,3910.68994140625,53.4
2010-04-23,2090.81,3910.68994140625,53.46
2010-04-24,2098.73,3910.68994140625,53.67
2010-04-25,2104.02,3910.68994140625,53.8
2010-04-26,2098.73,3910.68994140625,53.67
2010-04-27,2109.3,3910.68994140625,53.94
2010-04-28,2106.66,3910.68994140625,53.87
2010-04-29,2104.02,3910.68994140625,53.8
2010-04-30,2104.02,3910.68994140625,53.8
2010-05-01,2101.37,3910.68994140625,53.73
2010-05-02,2098.73,3910.68994140625,53.67
2010-05-03,2085.522,3910.68994140625,53.33
2010-05-04,2082.88,3910.68994140625,53.26
2010-05-05,2080.24,3910.68994140625,53.19
2010-05-06,2077.596,3910.68994140625,53.13
2010-05-07,2072.31,3910.68994140625,52.99
2010-05-08,2064.386,3910.68994140625,52.79
2010-05-09,2056.46,3910.68994140625,52.59
2010-05-10,2051.18,3910.68994140625,52.45
2010-05-11,2045.89,3910.68994140625,52.32
2010-05-12,2045.89,3910.68994140625,52.32
2010-05-13,2040.61,3910.68994140625,52.18
2010-05-14,2037.97,3910.68994140625,52.11
2010-05-15,2035.97,3910.68994140625,52.06
2010-05-16,2035.97,3910.68994140625,52.06
2010-05-17,2014.19,3910.68994140625,51.5
2010-05-18,2016.83,3910.68994140625,51.57
2010-05-19,2011.55,3910.68994140625,51.44
2010-05-20,2006.26,3910.68994140625,51.3
2010-05-21,2000.98,3910.68994140625,51.17
2010-05-22,1995.69,3910.68994140625,51.03
2010-05-23,1998.34,3910.68994140625,51.1
2010-05-24,1993.05,3910.68994140625,50.96
2010-05-25,1979.84,3910.68994140625,50.63
2010-05-26,1971.92,3910.68994140625,50.42
2010-05-27,1966.63,3910.68994140625,50.29
2010-05-28,1966.63,3910.68994140625,50.29
2010-05-29,1966.63,3910.68994140625,50.29
2010-05-30,1966.63,3910.68994140625,50.29
2010-05-31,1966.63,3910.68994140625,50.29
2010-06-01,1966.63,3910.68994140625,50.29
2010-06-02,1942.85,3910.68994140625,49.68
2010-06-03,1940.21,3910.68994140625,49.61
2010-06-04,1942.85,3910.68994140625,49.68
2010-06-05,1942.85,3910.68994140625,49.68
2010-06-06,1942.85,3910.68994140625,49.68
2010-06-07,1940.21,3910.68994140625,49.61
2010-06-08,1940.21,3910.68994140625,49.61
2010-06-09,1940.21,3910.68994140625,49.61
2010-06-10,1940.21,3910.68994140625,49.61
2010-06-11,1940.21,3910.68994140625,49.61
2010-06-12,1940.21,3910.68994140625,49.61
2010-06-13,1940.21,3910.68994140625,49.61
2010-06-14,1940.21,3910.68994140625,49.61
2010-06-15,1937.57,3910.68994140625,49.55
2010-06-16,1934.93,3910.68994140625,49.48
2010-06-17,1934.93,3910.68994140625,49.48
2010-06-18,1932.29,3910.68994140625,49.41
2010-06-19,1932.29,3910.68994140625,49.41
2010-06-20,1932.29,3910.68994140625,49.41
2010-06-21,1927.0,3910.68994140625,49.28
2010-06-22,1927.0,3910.68994140625,49.28
2010-06-23,1927.0,3910.68994140625,49.28
2010-06-24,1927.0,3910.68994140625,49.28
2010-06-25,1921.72,3910.68994140625,49.14
2010-06-26,1927.0,3910.68994140625,49.28
2010-06-27,1927.0,3910.68994140625,49.28
2010-06-28,1927.0,3910.68994140625,49.28
2010-06-29,1927.0,3910.68994140625,49.28
2010-06-30,1921.72,3910.68994140625,49.14
2010-07-01,2059.102,3910.68994140625,52.65
2010-07-02,2199.92,3910.68994140625,56.25
2010-07-03,2483.31,3910.68994140625,63.5
2010-07-04,2695.2,3910.68994140625,68.92
2010-07-05,2863.32,3910.68994140625,73.22
2010-07-06,2892.41,3910.68994140625,73.96
2010-07-07,2979.7,3910.68994140625,76.19
2010-07-08,3139.64,3910.68994140625,80.28
2010-07-09,3260.77,3910.68994140625,83.38
2010-07-10,3364.6,3910.68994140625,86.04
2010-07-11,3435.11,3910.68994140625,87.84
2010-07-12,3483.35,3910.68994140625,89.07
2010-07-13,3498.2,3910.68994140625,89.45
2010-07-14,3513.04,3910.68994140625,89.83
2010-07-15,3550.15,3910.68994140625,90.78
2010-07-16,3564.99,3910.68994140625,91.16
2010-07-17,3579.84,3910.68994140625,91.54
2010-07-18,3609.53,3910.68994140625,92.3
2010-07-19,3609.53,3910.68994140625,92.3
2010-07-20,3609.53,3910.68994140625,92.3
2010-07-21,3624.366,3910.68994140625,92.68
2010-07-22,3642.93,3910.68994140625,93.15
2010-07-23,3676.32,3910.68994140625,94.01
2010-07-24,3750.86,3910.68994140625,95.91
2010-07-25,3815.24,3910.68994140625,97.56
2010-07-26,3894.78,3910.68994140625,99.59
2010-07-27,3954.44,3910.68994140625,101.12
2010-07-28,3986.25,3910.68994140625,101.93
2010-07-29,4006.14,3910.68994140625,102.44
2010-07-30,4026.02,3910.68994140625,102.95
2010-07-31,4037.95,3910.68994140625,103.25
2010-08-01,4053.86,3910.68994140625,103.66
2010-08-02,4053.86,3910.68994140625,103.66
2010-08-03,4053.86,3910.68994140625,103.66
2010-08-04,4053.86,3910.68994140625,103.66
2010-08-05,4053.86,3910.68994140625,103.66
2010-08-06,4053.86,3910.68994140625,103.66
2010-08-07,4053.86,3910.68994140625,103.66
2010-08-08,4053.86,3910.68994140625,103.66
2010-08-09,4053.86,3910.68994140625,103.66
2010-08-10,4045.91,3910.68994140625,103.46
2010-08-11,4037.95,3910.68994140625,103.25
2010-08-12,4033.98,3910.68994140625,103.15
2010-08-13,4030.0,3910.68994140625,103.05
2010-08-14,4026.02,3910.68994140625,102.95
2010-08-15,4022.04,3910.68994140625,102.85
2010-08-16,4018.07,3910.68994140625,102.75
2010-08-17,4014.09,3910.68994140625,102.64
2010-08-18,4010.11,3910.68994140625,102.54
2010-08-19,4006.14,3910.68994140625,102.44
2010-08-20,4002.16,3910.68994140625,102.34
2010-08-21,3998.18,3910.68994140625,102.24
2010-08-22,3994.21,3910.68994140625,102.14
2010-08-23,3986.25,3910.68994140625,101.93
2010-08-24,3974.32,3910.68994140625,101.63
2010-08-25,3958.41,3910.68994140625,101.22
2010-08-26,3938.53,3910.68994140625,100.71
2010-08-27,3926.6,3910.68994140625,100.41
2010-08-28,3918.64,3910.68994140625,100.2
2010-08-29,3910.69,3910.68994140625,100.0
2010-08-30,3902.73,3910.68994140625,99.8
2010-08-31,3894.78,3910.68994140625,99.59
2010-09-01,3894.78,3910.68994140625,99.59
2010-09-02,3894.78,3910.68994140625,99.59
2010-09-03,3898.26,3910.68994140625,99.68
2010-09-04,3902.73,3910.68994140625,99.8
2010-09-05,3906.71,3910.68994140625,99.9
2010-09-06,3910.69,3910.68994140625,100.0
2010-09-07,3918.64,3910.68994140625,100.2
2010-09-08,3934.55,3910.68994140625,100.61
2010-09-09,3950.46,3910.68994140625,101.02
2010-09-10,3966.37,3910.68994140625,101.42
2010-09-11,3974.32,3910.68994140625,101.63
2010-09-12,3978.3,3910.68994140625,101.73
2010-09-13,3982.27,3910.68994140625,101.83
2010-09-14,3982.27,3910.68994140625,101.83
2010-09-15,3986.25,3910.68994140625,101.93
2010-09-16,3990.23,3910.68994140625,102.03
2010-09-17,3994.21,3910.68994140625,102.14
2010-09-18,3994.21,3910.68994140625,102.14
2010-09-19,4002.16,3910.68994140625,102.34
2010-09-20,4002.16,3910.68994140625,102.34
2010-09-21,4030.0,3910.68994140625,103.05
2010-09-22,4033.98,3910.68994140625,103.15
2010-09-23,4053.86,3910.68994140625,103.66
2010-09-24,4065.79,3910.68994140625,103.97
2010-09-25,4073.75,3910.68994140625,104.17
2010-09-26,4117.49,3910.68994140625,105.29
2010-09-27,4125.45,3910.68994140625,105.49
2010-09-28,4201.14,3910.68994140625,107.43
2010-09-29,4239.25,3910.68994140625,108.4
2010-09-30,4251.95,3910.68994140625,108.73
2010-10-01,4260.42,3910.68994140625,108.94
2010-10-02,4260.42,3910.68994140625,108.94
2010-10-03,4260.42,3910.68994140625,108.94
2010-10-04,4251.95,3910.68994140625,108.73
2010-10-05,4239.25,3910.68994140625,108.4
2010-10-06,4230.78,3910.68994140625,108.19
2010-10-07,4218.08,3910.68994140625,107.86
2010-10-08,4201.14,3910.68994140625,107.43
2010-10-09,4188.44,3910.68994140625,107.1
2010-10-10,4175.74,3910.68994140625,106.78
2010-10-11,4163.04,3910.68994140625,106.45
2010-10-12,4141.87,3910.68994140625,105.91
2010-10-13,4129.42,3910.68994140625,105.59
2010-10-14,4113.52,3910.68994140625,105.19
2010-10-15,4105.56,3910.68994140625,104.98
2010-10-16,4097.61,3910.68994140625,104.78
2010-10-17,4089.65,3910.68994140625,104.58
2010-10-18,4089.65,3910.68994140625,104.58
2010-10-19,4069.77,3910.68994140625,104.07
2010-10-20,4053.86,3910.68994140625,103.66
2010-10-21,4033.98,3910.68994140625,103.15
2010-10-22,4014.09,3910.68994140625,102.64
2010-10-23,3998.18,3910.68994140625,102.24
2010-10-24,3982.27,3910.68994140625,101.83
2010-10-25,3962.39,3910.68994140625,101.32
2010-10-26,3946.48,3910.68994140625,100.92
2010-10-27,3930.57,3910.68994140625,100.51
2010-10-28,3926.6,3910.68994140625,100.41
2010-10-29,3926.6,3910.68994140625,100.41
2010-10-30,3926.6,3910.68994140625,100.41
2010-10-31,3926.6,3910.68994140625,100.41
2010-11-01,3926.6,3910.68994140625,100.41
2010-11-02,3926.6,3910.68994140625,100.41
2010-11-03,3926.6,3910.68994140625,100.41
2010-11-04,3922.62,3910.68994140625,100.31
2010-11-05,3922.62,3910.68994140625,100.31
2010-11-06,3922.62,3910.68994140625,100.31
2010-11-07,3922.62,3910.68994140625,100.31
2010-11-08,3922.62,3910.68994140625,100.31
2010-11-09,3918.64,3910.68994140625,100.2
2010-11-10,3918.64,3910.68994140625,100.2
2010-11-11,3918.64,3910.68994140625,100.2
2010-11-12,3918.64,3910.68994140625,100.2
2010-11-13,3918.64,3910.68994140625,100.2
2010-11-14,3914.67,3910.68994140625,100.1
2010-11-15,3914.67,3910.68994140625,100.1
2010-11-16,3914.67,3910.68994140625,100.1
2010-11-17,3914.67,3910.68994140625,100.1
2010-11-18,3914.67,3910.68994140625,100.1
2010-11-19,3914.67,3910.68994140625,100.1
2010-11-20,3914.67,3910.68994140625,100.1
2010-11-21,3914.67,3910.68994140625,100.1
2010-11-22,3914.67,3910.68994140625,100.1
2010-11-23,3914.67,3910.68994140625,100.1
2010-11-24,3914.67,3910.68994140625,100.1
2010-11-25,3914.67,3910.68994140625,100.1
2010-11-26,3914.67,3910.68994140625,100.1
2010-11-27,3914.67,3910.68994140625,100.1
2010-11-28,3914.67,3910.68994140625,100.1
2010-11-29,3914.67,3910.68994140625,100.1
2010-11-30,3914.67,3910.68994140625,100.1
2010-12-01,3914.67,3910.68994140625,100.1
2010-12-02,3914.67,3910.68994140625,100.1
2010-12-03,3914.67,3910.68994140625,100.1
2010-12-04,3914.67,3910.68994140625,100.1
2010-12-05,3914.67,3910.68994140625,100.1
2010-12-06,3914.67,3910.68994140625,100.1
2010-12-07,3910.69,3910.68994140625,100.0
2010-12-08,3910.69,3910.68994140625,100.0
2010-12-09,3910.69,3910.68994140625,100.0
2010-12-10,3910.69,3910.68994140625,100.0
2010-12-11,3910.69,3910.68994140625,100.0
2010-12-12,3910.69,3910.68994140625,100.0
2010-12-13,3910.69,3910.68994140625,100.0
2010-12-14,3910.69,3910.68994140625,100.0
2010-12-15,3910.69,3910.68994140625,100.0
2010-12-16,3910.69,3910.68994140625,100.0
2010-12-17,3906.71,3910.68994140625,99.9
2010-12-18,3906.71,3910.68994140625,99.9
2010-12-19,3906.71,3910.68994140625,99.9
2010-12-20,3902.73,3910.68994140625,99.8
2010-12-21,3902.73,3910.68994140625,99.8
2010-12-22,3902.73,3910.68994140625,99.8
2010-12-23,3902.73,3910.68994140625,99.8
2010-12-24,3902.73,3910.68994140625,99.8
2010-12-25,3902.73,3910.68994140625,99.8
2010-12-26,3894.78,3910.68994140625,99.59
2010-12-27,3886.83,3910.68994140625,99.39
2010-12-28,3878.87,3910.68994140625,99.19
2010-12-29,3874.9,3910.68994140625,99.08
2010-12-30,3870.92,3910.68994140625,98.98
2010-12-31,3862.96,3910.68994140625,98.78
2011-01-01,3862.96,3910.68994140625,98.78
2011-01-02,3847.06,3910.68994140625,98.37
2011-01-03,3839.1,3910.68994140625,98.17
2011-01-04,3831.15,3910.68994140625,97.97
2011-01-05,3827.17,3910.68994140625,97.86
2011-01-06,3827.17,3910.68994140625,97.86
2011-01-07,3823.19,3910.68994140625,97.76
2011-01-08,3823.19,3910.68994140625,97.76
2011-01-09,3823.19,3910.68994140625,97.76
2011-01-10,3819.22,3910.68994140625,97.66
2011-01-11,3819.22,3910.68994140625,97.66
2011-01-12,3819.22,3910.68994140625,97.66
2011-01-13,3819.22,3910.68994140625,97.66
2011-01-14,3815.24,3910.68994140625,97.56
2011-01-15,3815.24,3910.68994140625,97.56
2011-01-16,3815.24,3910.68994140625,97.56
2011-01-17,3815.24,3910.68994140625,97.56
2011-01-18,3815.24,3910.68994140625,97.56
2011-01-19,3811.26,3910.68994140625,97.46
2011-01-20,3811.26,3910.68994140625,97.46
2011-01-21,3811.26,3910.68994140625,97.46
2011-01-22,3811.26,3910.68994140625,97.46
2011-01-23,3811.26,3910.68994140625,97.46
2011-01-24,3811.26,3910.68994140625,97.46
2011-01-25,3811.26,3910.68994140625,97.46
2011-01-26,3811.26,3910.68994140625,97.46
2011-01-27,3811.26,3910.68994140625,97.46
2011-01-28,3811.26,3910.68994140625,97.46
2011-01-29,3811.26,3910.68994140625,97.46
2011-01-30,3811.26,3910.68994140625,97.46
2011-01-31,3807.29,3910.68994140625,97.36
2011-02-01,3807.29,3910.68994140625,97.36
2011-02-02,3807.29,3910.68994140625,97.36
2011-02-03,3807.29,3910.68994140625,97.36
2011-02-04,3807.29,3910.68994140625,97.36
2011-02-05,3807.29,3910.68994140625,97.36
2011-02-06,3807.29,3910.68994140625,97.36
2011-02-07,3807.29,3910.68994140625,97.36
2011-02-08,3807.29,3910.68994140625,97.36
2011-02-09,3807.29,3910.68994140625,97.36
2011-02-10,3807.29,3910.68994140625,97.36
2011-02-11,3807.29,3910.68994140625,97.36
2011-02-12,3807.29,3910.68994140625,97.36
2011-02-13,3807.29,3910.68994140625,97.36
2011-02-14,3803.31,3910.68994140625,97.25
2011-02-15,3803.31,3910.68994140625,97.25
2011-02-16,3799.32,3910.68994140625,97.15
2011-02-17,3799.32,3910.68994140625,97.15
2011-02-18,3799.32,3910.68994140625,97.15
2011-02-19,3799.32,3910.68994140625,97.15
2011-02-20,3799.32,3910.68994140625,97.15
2011-02-21,3795.35,3910.68994140625,97.05
2011-02-22,3795.35,3910.68994140625,97.05
2011-02-23,3795.35,3910.68994140625,97.05
2011-02-24,3791.38,3910.68994140625,96.95
2011-02-25,3791.38,3910.68994140625,96.95
2011-02-26,3791.38,3910.68994140625,96.95
2011-02-27,3791.38,3910.68994140625,96.95
2011-02-28,3787.4,3910.68994140625,96.85
2011-03-01,3787.4,3910.68994140625,96.85
2011-03-02,3779.45,3910.68994140625,96.64
2011-03-03,3779.45,3910.68994140625,96.64
2011-03-04,3775.47,3910.68994140625,96.54
2011-03-05,3775.47,3910.68994140625,96.54
2011-03-06,3775.47,3910.68994140625,96.54
2011-03-07,3775.47,3910.68994140625,96.54
2011-03-08,3775.47,3910.68994140625,96.54
2011-03-09,3775.47,3910.68994140625,96.54
2011-03-10,3771.49,3910.68994140625,96.44
2011-03-11,3771.49,3910.68994140625,96.44
2011-03-12,3771.49,3910.68994140625,96.44
2011-03-13,3771.49,3910.68994140625,96.44
2011-03-14,3763.54,3910.68994140625,96.24
2011-03-15,3763.54,3910.68994140625,96.24
2011-03-16,3763.54,3910.68994140625,96.24
2011-03-17,3759.56,3910.68994140625,96.14
2011-03-18,3755.58,3910.68994140625,96.03
2011-03-19,3755.58,3910.68994140625,96.03
2011-03-20,3751.608,3910.68994140625,95.93
2011-03-21,3747.631,3910.68994140625,95.83
2011-03-22,3743.654,3910.68994140625,95.73
2011-03-23,3743.654,3910.68994140625,95.73
2011-03-24,3739.68,3910.68994140625,95.63
2011-03-25,3735.7,3910.68994140625,95.53
2011-03-26,3731.993,3910.68994140625,95.43
2011-03-27,3724.574,3910.68994140625,95.24
2011-03-28,3717.15,3910.68994140625,95.05
2011-03-29,3709.72,3910.68994140625,94.86
2011-03-30,3702.3,3910.68994140625,94.67
2011-03-31,3694.88,3910.68994140625,94.48
2011-04-01,3687.45,3910.68994140625,94.29
2011-04-02,3687.45,3910.68994140625,94.29
2011-04-03,3683.75,3910.68994140625,94.2
2011-04-04,3683.75,3910.68994140625,94.2
2011-04-05,3680.03,3910.68994140625,94.1
2011-04-06,3676.32,3910.68994140625,94.01
2011-04-07,3680.03,3910.68994140625,94.1
2011-04-08,3680.03,3910.68994140625,94.1
2011-04-09,3680.03,3910.68994140625,94.1
2011-04-10,3654.06,3910.68994140625,93.44
2011-04-11,3646.64,3910.68994140625,93.25
2011-04-12,3639.21,3910.68994140625,93.06
2011-04-13,3628.08,3910.68994140625,92.77
2011-04-14,3624.37,3910.68994140625,92.68
2011-04-15,3616.95,3910.68994140625,92.49
2011-04-16,3609.526,3910.68994140625,92.3
2011-04-17,3605.81,3910.68994140625,92.2
2011-04-18,3590.97,3910.68994140625,91.82
2011-04-19,3590.97,3910.68994140625,91.82
2011-04-20,3583.55,3910.68994140625,91.63
2011-04-21,3576.13,3910.68994140625,91.44
2011-04-22,3568.71,3910.68994140625,91.26
2011-04-23,3561.28,3910.68994140625,91.07
2011-04-24,3553.86,3910.68994140625,90.88
2011-04-25,3546.44,3910.68994140625,90.69
2011-04-26,3539.02,3910.68994140625,90.5
2011-04-27,3535.31,3910.68994140625,90.4
2011-04-28,3531.59,3910.68994140625,90.31
2011-04-29,3524.17,3910.68994140625,90.12
2011-04-30,3524.17,3910.68994140625,90.12
2011-05-01,3513.04,3910.68994140625,89.83
2011-05-02,3505.62,3910.68994140625,89.64
2011-05-03,3498.2,3910.68994140625,89.45
2011-05-04,3490.77,3910.68994140625,89.26
2011-05-05,3483.35,3910.68994140625,89.07
2011-05-06,3475.93,3910.68994140625,88.88
2011-05-07,3468.51,3910.68994140625,88.69
2011-05-08,3468.51,3910.68994140625,88.69
2011-05-09,3457.38,3910.68994140625,88.41
2011-05-10,3457.38,3910.68994140625,88.41
2011-05-11,3442.53,3910.68994140625,88.03
2011-05-12,3435.11,3910.68994140625,87.84
2011-05-13,3427.69,3910.68994140625,87.65
2011-05-14,3427.69,3910.68994140625,87.65
2011-05-15,3427.69,3910.68994140625,87.65
2011-05-16,3409.13,3910.68994140625,87.17
2011-05-17,3409.13,3910.68994140625,87.17
2011-05-18,3409.13,3910.68994140625,87.17
2011-05-19,3405.42,3910.68994140625,87.08
2011-05-20,3401.71,3910.68994140625,86.98
2011-05-21,3394.3,3910.68994140625,86.8
2011-05-22,3386.87,3910.68994140625,86.61
2011-05-23,3379.44,3910.68994140625,86.42
2011-05-24,3379.44,3910.68994140625,86.42
2011-05-25,3375.73,3910.68994140625,86.32
2011-05-26,3372.02,3910.68994140625,86.23
2011-05-27,3372.02,3910.68994140625,86.23
2011-05-28,3372.02,3910.68994140625,86.23
2011-05-29,3372.02,3910.68994140625,86.23
2011-05-30,3372.02,3910.68994140625,86.23
2011-05-31,3372.02,3910.68994140625,86.23
2011-06-01,3372.02,3910.68994140625,86.23
2011-06-02,3372.02,3910.68994140625,86.23
2011-06-03,3372.02,3910.68994140625,86.23
2011-06-04,3372.02,3910.68994140625,86.23
2011-06-05,3372.02,3910.68994140625,86.23
2011-06-06,3361.14,3910.68994140625,85.95
2011-06-07,3361.14,3910.68994140625,85.95
2011-06-08,3357.68,3910.68994140625,85.86
2011-06-09,3357.68,3910.68994140625,85.86
2011-06-10,3354.22,3910.68994140625,85.77
2011-06-11,3354.22,3910.68994140625,85.77
2011-06-12,3347.29,3910.68994140625,85.59
2011-06-13,3343.83,3910.68994140625,85.5
2011-06-14,3343.83,3910.68994140625,85.5
2011-06-15,3336.91,3910.68994140625,85.33
2011-06-16,3333.45,3910.68994140625,85.24
2011-06-17,3333.45,3910.68994140625,85.24
2011-06-18,3323.07,3910.68994140625,84.97
2011-06-19,3323.07,3910.68994140625,84.97
2011-06-20,3316.15,3910.68994140625,84.8
2011-06-21,3316.15,3910.68994140625,84.8
2011-06-22,3305.76,3910.68994140625,84.53
2011-06-23,3302.3,3910.68994140625,84.44
2011-06-24,3298.84,3910.68994140625,84.35
2011-06-25,3302.3,3910.68994140625,84.44
2011-06-26,3305.76,3910.68994140625,84.53
2011-06-27,3312.69,3910.68994140625,84.71
2011-06-28,3312.69,3910.68994140625,84.71
2011-06-29,3312.69,3910.68994140625,84.71
2011-06-30,3316.15,3910.68994140625,84.8
2011-07-01,3386.87,3910.68994140625,86.61
2011-07-02,3609.53,3910.68994140625,92.3
2011-07-03,3886.83,3910.68994140625,99.39
2011-07-04,4014.09,3910.68994140625,102.64
2011-07-05,4077.72,3910.68994140625,104.27
2011-07-06,4105.56,3910.68994140625,104.98
2011-07-07,4117.49,3910.68994140625,105.29
2011-07-08,4125.45,3910.68994140625,105.49
2011-07-09,4129.42,3910.68994140625,105.59
2011-07-10,4129.42,3910.68994140625,105.59
2011-07-11,4129.42,3910.68994140625,105.59
2011-07-12,4129.42,3910.68994140625,105.59
2011-07-13,4129.42,3910.68994140625,105.59
2011-07-14,4129.42,3910.68994140625,105.59
2011-07-15,4129.42,3910.68994140625,105.59
2011-07-16,4125.45,3910.68994140625,105.49
2011-07-17,4125.45,3910.68994140625,105.49
2011-07-18,4121.47,3910.68994140625,105.39
2011-07-19,4117.49,3910.68994140625,105.29
2011-07-20,4109.54,3910.68994140625,105.08
2011-07-21,4101.58,3910.68994140625,104.88
2011-07-22,4093.63,3910.68994140625,104.68
2011-07-23,4085.68,3910.68994140625,104.47
2011-07-24,4077.72,3910.68994140625,104.27
2011-07-25,4069.77,3910.68994140625,104.07
2011-07-26,4061.81,3910.68994140625,103.86
2011-07-27,4061.81,3910.68994140625,103.86
2011-07-28,4053.86,3910.68994140625,103.66
2011-07-29,4045.91,3910.68994140625,103.46
2011-07-30,4041.93,3910.68994140625,103.36
2011-07-31,4041.93,3910.68994140625,103.36
2011-08-01,4041.93,3910.68994140625,103.36
2011-08-02,4022.04,3910.68994140625,102.85
2011-08-03,4018.07,3910.68994140625,102.75
2011-08-04,4010.11,3910.68994140625,102.54
2011-08-05,4010.11,3910.68994140625,102.54
2011-08-06,3994.21,3910.68994140625,102.14
2011-08-07,3978.3,3910.68994140625,101.73
2011-08-08,3962.39,3910.68994140625,101.32
2011-08-09,3946.48,3910.68994140625,100.92
2011-08-10,3930.57,3910.68994140625,100.51
2011-08-11,3914.67,3910.68994140625,100.1
2011-08-12,3906.71,3910.68994140625,99.9
2011-08-13,3914.67,3910.68994140625,100.1
2011-08-14,3914.67,3910.68994140625,100.1
2011-08-15,3914.67,3910.68994140625,100.1
2011-08-16,3914.67,3910.68994140625,100.1
2011-08-17,3914.67,3910.68994140625,100.1
2011-08-18,3914.67,3910.68994140625,100.1
2011-08-19,3914.67,3910.68994140625,100.1
2011-08-20,3914.67,3910.68994140625,100.1
2011-08-21,3914.67,3910.68994140625,100.1
2011-08-22,3910.69,3910.68994140625,100.0
2011-08-23,3906.71,3910.68994140625,99.9
2011-08-24,3906.71,3910.68994140625,99.9
2011-08-25,3906.71,3910.68994140625,99.9
2011-08-26,3906.71,3910.68994140625,99.9
2011-08-27,3902.73,3910.68994140625,99.8
2011-08-28,3902.73,3910.68994140625,99.8
2011-08-29,3898.76,3910.68994140625,99.69
2011-08-30,3898.76,3910.68994140625,99.69
2011-08-31,3894.78,3910.68994140625,99.59
2011-09-01,3894.78,3910.68994140625,99.59
2011-09-02,3894.78,3910.68994140625,99.59
2011-09-03,3894.78,3910.68994140625,99.59
2011-09-04,3890.8,3910.68994140625,99.49
2011-09-05,3890.8,3910.68994140625,99.49
2011-09-06,3890.8,3910.68994140625,99.49
2011-09-07,3890.8,3910.68994140625,99.49
2011-09-08,3890.8,3910.68994140625,99.49
2011-09-09,3890.8,3910.68994140625,99.49
2011-09-10,3886.83,3910.68994140625,99.39
2011-09-11,3886.83,3910.68994140625,99.39
2011-09-12,3886.83,3910.68994140625,99.39
2011-09-13,3882.85,3910.68994140625,99.29
2011-09-14,3882.85,3910.68994140625,99.29
2011-09-15,3882.85,3910.68994140625,99.29
2011-09-16,3882.85,3910.68994140625,99.29
2011-09-17,3879.1,3910.68994140625,99.19
2011-09-18,3879.1,3910.68994140625,99.19
2011-09-19,3879.1,3910.68994140625,99.19
2011-09-20,3874.9,3910.68994140625,99.08
2011-09-21,3874.9,3910.68994140625,99.08
2011-09-22,3870.92,3910.68994140625,98.98
2011-09-23,3870.92,3910.68994140625,98.98
2011-09-24,3870.92,3910.68994140625,98.98
2011-09-25,3870.92,3910.68994140625,98.98
2011-09-26,3870.92,3910.68994140625,98.98
2011-09-27,3866.94,3910.68994140625,98.88
2011-09-28,3858.99,3910.68994140625,98.68
2011-09-29,3851.03,3910.68994140625,98.47
2011-09-30,3851.03,3910.68994140625,98.47
2011-10-01,3851.03,3910.68994140625,98.47
2011-10-02,3843.08,3910.68994140625,98.27
2011-10-03,3843.08,3910.68994140625,98.27
2011-10-04,3843.08,3910.68994140625,98.27
2011-10-05,3843.08,3910.68994140625,98.27
2011-10-06,3839.1,3910.68994140625,98.17
2011-10-07,3839.1,3910.68994140625,98.17
2011-10-08,3835.13,3910.68994140625,98.07
2011-10-09,3831.15,3910.68994140625,97.97
2011-10-10,3831.15,3910.68994140625,97.97
2011-10-11,3831.15,3910.68994140625,97.97
2011-10-12,3831.15,3910.68994140625,97.97
2011-10-13,3835.13,3910.68994140625,98.07
2011-10-14,3835.13,3910.68994140625,98.07
2011-10-15,3835.13,3910.68994140625,98.07
2011-10-16,3835.13,3910.68994140625,98.07
2011-10-17,3831.15,3910.68994140625,97.97
2011-10-18,3831.15,3910.68994140625,97.97
2011-10-19,3831.15,3910.68994140625,97.97
2011-10-20,3831.15,3910.68994140625,97.97
2011-10-21,3831.15,3910.68994140625,97.97
2011-10-22,3823.19,3910.68994140625,97.76
2011-10-23,3815.24,3910.68994140625,97.56
2011-10-24,3811.26,3910.68994140625,97.46
2011-10-25,3811.26,3910.68994140625,97.46
2011-10-26,3807.29,3910.68994140625,97.36
2011-10-27,3803.31,3910.68994140625,97.25
2011-10-28,3803.31,3910.68994140625,97.25
2011-10-29,3803.31,3910.68994140625,97.25
2011-10-30,3799.32,3910.68994140625,97.15
2011-10-31,3799.32,3910.68994140625,97.15
2011-11-01,3795.35,3910.68994140625,97.05
2011-11-02,3787.4,3910.68994140625,96.85
2011-11-03,3783.42,3910.68994140625,96.75
2011-11-04,3783.42,3910.68994140625,96.75
2011-11-05,3779.45,3910.68994140625,96.64
2011-11-06,3775.47,3910.68994140625,96.54
2011-11-07,3775.47,3910.68994140625,96.54
2011-11-08,3771.49,3910.68994140625,96.44
2011-11-09,3771.49,3910.68994140625,96.44
2011-11-10,3767.52,3910.68994140625,96.34
2011-11-11,3767.52,3910.68994140625,96.34
2011-11-12,3767.52,3910.68994140625,96.34
2011-11-13,3763.54,3910.68994140625,96.24
2011-11-14,3759.56,3910.68994140625,96.14
2011-11-15,3755.58,3910.68994140625,96.03
2011-11-16,3755.58,3910.68994140625,96.03
2011-11-17,3751.61,3910.68994140625,95.93
2011-11-18,3747.63,3910.68994140625,95.83
2011-11-19,3743.06,3910.68994140625,95.71
2011-11-20,3739.68,3910.68994140625,95.63
2011-11-21,3735.7,3910.68994140625,95.53
2011-11-22,3731.99,3910.68994140625,95.43
2011-11-23,3728.28,3910.68994140625,95.34
2011-11-24,3728.28,3910.68994140625,95.34
2011-11-25,3728.28,3910.68994140625,95.34
2011-11-26,3728.28,3910.68994140625,95.34
2011-11-27,3724.57,3910.68994140625,95.24
2011-11-28,3724.57,3910.68994140625,95.24
2011-11-29,3717.15,3910.68994140625,95.05
2011-11-30,3717.15,3910.68994140625,95.05
2011-12-01,3713.43,3910.68994140625,94.96
2011-12-02,3713.43,3910.68994140625,94.96
2011-12-03,3706.01,3910.68994140625,94.77
2011-12-04,3702.3,3910.68994140625,94.67
2011-12-05,3702.3,3910.68994140625,94.67
2011-12-06,3702.3,3910.68994140625,94.67
2011-12-07,3702.3,3910.68994140625,94.67
2011-12-08,3698.59,3910.68994140625,94.58
2011-12-09,3698.59,3910.68994140625,94.58
2011-12-10,3698.59,3910.68994140625,94.58
2011-12-11,3698.59,3910.68994140625,94.58
2011-12-12,3687.46,3910.68994140625,94.29
2011-12-13,3687.46,3910.68994140625,94.29
2011-12-14,3683.75,3910.68994140625,94.2
2011-12-15,3683.75,3910.68994140625,94.2
2011-12-16,3683.75,3910.68994140625,94.2
2011-12-17,3683.75,3910.68994140625,94.2
2011-12-18,3683.75,3910.68994140625,94.2
2011-12-19,3680.03,3910.68994140625,94.1
2011-12-20,3680.03,3910.68994140625,94.1
2011-12-21,3680.03,3910.68994140625,94.1
2011-12-22,3680.03,3910.68994140625,94.1
2011-12-23,3680.03,3910.68994140625,94.1
2011-12-24,3676.32,3910.68994140625,94.01
2011-12-25,3676.32,3910.68994140625,94.01
2011-12-26,3676.32,3910.68994140625,94.01
2011-12-27,3668.9,3910.68994140625,93.82
2011-12-28,3665.19,3910.68994140625,93.72
2011-12-29,3661.48,3910.68994140625,93.63
2011-12-30,3661.48,3910.68994140625,93.63
2011-12-31,3661.48,3910.68994140625,93.63
2012-01-01,3661.48,3910.68994140625,93.63
2012-01-02,3661.48,3910.68994140625,93.63
2012-01-03,3661.48,3910.68994140625,93.63
2012-01-04,3639.21,3910.68994140625,93.06
2012-01-05,3635.5,3910.68994140625,92.96
2012-01-06,3631.79,3910.68994140625,92.87
2012-01-07,3628.08,3910.68994140625,92.77
2012-01-08,3624.37,3910.68994140625,92.68
2012-01-09,3620.66,3910.68994140625,92.58
2012-01-10,3616.95,3910.68994140625,92.49
2012-01-11,3613.24,3910.68994140625,92.39
2012-01-12,3609.53,3910.68994140625,92.3
2012-01-13,3605.81,3910.68994140625,92.2
2012-01-14,3605.81,3910.68994140625,92.2
2012-01-15,3602.1,3910.68994140625,92.11
2012-01-16,3598.39,3910.68994140625,92.01
2012-01-17,3594.68,3910.68994140625,91.92
2012-01-18,3594.68,3910.68994140625,91.92
2012-01-19,3590.97,3910.68994140625,91.82
2012-01-20,3590.97,3910.68994140625,91.82
2012-01-21,3587.26,3910.68994140625,91.73
2012-01-22,3587.26,3910.68994140625,91.73
2012-01-23,3583.55,3910.68994140625,91.63
2012-01-24,3583.55,3910.68994140625,91.63
2012-01-25,3579.838,3910.68994140625,91.54
2012-01-26,3579.838,3910.68994140625,91.54
2012-01-27,3579.838,3910.68994140625,91.54
2012-01-28,3579.838,3910.68994140625,91.54
2012-01-29,3576.13,3910.68994140625,91.44
2012-01-30,3576.13,3910.68994140625,91.44
2012-01-31,3576.13,3910.68994140625,91.44
2012-02-01,3576.13,3910.68994140625,91.44
2012-02-02,3579.84,3910.68994140625,91.54
2012-02-03,3579.84,3910.68994140625,91.54
2012-02-04,3579.84,3910.68994140625,91.54
2012-02-05,3579.84,3910.68994140625,91.54
2012-02-06,3579.84,3910.68994140625,91.54
2012-02-07,3579.84,3910.68994140625,91.54
2012-02-08,3576.13,3910.68994140625,91.44
2012-02-09,3576.13,3910.68994140625,91.44
2012-02-10,3576.13,3910.68994140625,91.44
2012-02-11,3594.68,3910.68994140625,91.92
2012-02-12,3602.1,3910.68994140625,92.11
2012-02-13,3605.81,3910.68994140625,92.2
2012-02-14,3605.81,3910.68994140625,92.2
2012-02-15,3605.81,3910.68994140625,92.2
2012-02-16,3605.81,3910.68994140625,92.2
2012-02-17,3605.81,3910.68994140625,92.2
2012-02-18,3602.1,3910.68994140625,92.11
2012-02-19,3602.1,3910.68994140625,92.11
2012-02-20,3602.1,3910.68994140625,92.11
2012-02-21,3602.1,3910.68994140625,92.11
2012-02-22,3598.39,3910.68994140625,92.01
2012-02-23,3598.39,3910.68994140625,92.01
2012-02-24,3598.39,3910.68994140625,92.01
2012-02-25,3598.39,3910.68994140625,92.01
2012-02-26,3598.39,3910.68994140625,92.01
2012-02-27,3598.39,3910.68994140625,92.01
2012-02-28,3598.39,3910.68994140625,92.01
2012-02-29,3598.39,3910.68994140625,92.01
2012-03-01,3598.39,3910.68994140625,92.01
2012-03-02,3598.39,3910.68994140625,92.01
2012-03-03,3598.39,3910.68994140625,92.01
2012-03-04,3594.68,3910.68994140625,91.92
2012-03-05,3594.68,3910.68994140625,91.92
2012-03-06,3590.97,3910.68994140625,91.82
2012-03-07,3587.26,3910.68994140625,91.73
2012-03-08,3583.55,3910.68994140625,91.63
2012-03-09,3583.55,3910.68994140625,91.63
2012-03-10,3583.55,3910.68994140625,91.63
2012-03-11,3579.84,3910.68994140625,91.54
2012-03-12,3579.84,3910.68994140625,91.54
2012-03-13,3576.13,3910.68994140625,91.44
2012-03-14,3572.42,3910.68994140625,91.35
2012-03-15,3568.71,3910.68994140625,91.26
2012-03-16,3568.71,3910.68994140625,91.26
2012-03-17,3568.71,3910.68994140625,91.26
2012-03-18,3561.28,3910.68994140625,91.07
2012-03-19,3557.57,3910.68994140625,90.97
2012-03-20,3553.86,3910.68994140625,90.88
2012-03-21,3550.15,3910.68994140625,90.78
2012-03-22,3546.44,3910.68994140625,90.69
2012-03-23,3539.02,3910.68994140625,90.5
2012-03-24,3531.59,3910.68994140625,90.31
2012-03-25,3524.17,3910.68994140625,90.12
2012-03-26,3516.75,3910.68994140625,89.93
2012-03-27,3509.33,3910.68994140625,89.74
2012-03-28,3501.91,3910.68994140625,89.55
2012-03-29,3494.49,3910.68994140625,89.36
2012-03-30,3487.06,3910.68994140625,89.17
2012-03-31,3479.64,3910.68994140625,88.98
2012-04-01,3472.22,3910.68994140625,88.79
2012-04-02,3464.8,3910.68994140625,88.6
2012-04-03,3457.38,3910.68994140625,88.41
2012-04-04,3449.95,3910.68994140625,88.22
2012-04-05,3442.53,3910.68994140625,88.03
2012-04-06,3435.11,3910.68994140625,87.84
2012-04-07,3435.11,3910.68994140625,87.84
2012-04-08,3468.51,3910.68994140625,88.69
2012-04-09,3468.51,3910.68994140625,88.69
2012-04-10,3468.51,3910.68994140625,88.69
2012-04-11,3468.51,3910.68994140625,88.69
2012-04-12,3464.8,3910.68994140625,88.6
2012-04-13,3464.8,3910.68994140625,88.6
2012-04-14,3461.09,3910.68994140625,88.5
2012-04-15,3457.38,3910.68994140625,88.41
2012-04-16,3446.24,3910.68994140625,88.12
2012-04-17,3435.11,3910.68994140625,87.84
2012-04-18,3442.53,3910.68994140625,88.03
2012-04-19,3442.53,3910.68994140625,88.03
2012-04-20,3442.53,3910.68994140625,88.03
2012-04-21,3427.69,3910.68994140625,87.65
2012-04-22,3420.26,3910.68994140625,87.46
2012-04-23,3412.84,3910.68994140625,87.27
2012-04-24,3405.42,3910.68994140625,87.08
2012-04-25,3398.0,3910.68994140625,86.89
2012-04-26,3390.58,3910.68994140625,86.7
2012-04-27,3383.16,3910.68994140625,86.51
2012-04-28,3383.16,3910.68994140625,86.51
2012-04-29,3375.73,3910.68994140625,86.32
2012-04-30,3372.02,3910.68994140625,86.23
2012-05-01,3368.311,3910.68994140625,86.13
2012-05-02,3364.6,3910.68994140625,86.04
2012-05-03,3364.6,3910.68994140625,86.04
2012-05-04,3364.6,3910.68994140625,86.04
2012-05-05,3350.76,3910.68994140625,85.68
2012-05-06,3343.83,3910.68994140625,85.5
2012-05-07,3336.91,3910.68994140625,85.33
2012-05-08,3329.99,3910.68994140625,85.15
2012-05-09,3347.29,3910.68994140625,85.59
2012-05-10,3340.37,3910.68994140625,85.42
2012-05-11,3336.912,3910.68994140625,85.33
2012-05-12,3333.45,3910.68994140625,85.24
2012-05-13,3329.99,3910.68994140625,85.15
2012-05-14,3326.53,3910.68994140625,85.06
2012-05-15,3319.61,3910.68994140625,84.89
2012-05-16,3312.69,3910.68994140625,84.71
2012-05-17,3312.69,3910.68994140625,84.71
2012-05-18,3312.69,3910.68994140625,84.71
2012-05-19,3323.07,3910.68994140625,84.97
2012-05-20,3323.07,3910.68994140625,84.97
2012-05-21,3319.61,3910.68994140625,84.89
2012-05-22,3319.61,3910.68994140625,84.89
2012-05-23,3319.61,3910.68994140625,84.89
2012-05-24,3319.61,3910.68994140625,84.89
2012-05-25,3319.61,3910.68994140625,84.89
2012-05-26,3305.76,3910.68994140625,84.53
2012-05-27,3305.76,3910.68994140625,84.53
2012-05-28,3305.76,3910.68994140625,84.53
2012-05-29,3302.3,3910.68994140625,84.44
2012-05-30,3302.3,3910.68994140625,84.44
2012-05-31,3302.3,3910.68994140625,84.44
2012-06-01,3302.3,3910.68994140625,84.44
2012-06-02,3291.92,3910.68994140625,84.18
2012-06-03,3291.92,3910.68994140625,84.18
2012-06-04,3288.46,3910.68994140625,84.09
2012-06-05,3288.46,3910.68994140625,84.09
2012-06-06,3288.46,3910.68994140625,84.09
2012-06-07,3285.0,3910.68994140625,84.0
2012-06-08,3285.0,3910.68994140625,84.0
2012-06-09,3285.0,3910.68994140625,84.0
2012-06-10,3285.0,3910.68994140625,84.0
2012-06-11,3281.54,3910.68994140625,83.91
2012-06-12,3281.54,3910.68994140625,83.91
2012-06-13,3281.54,3910.68994140625,83.91
2012-06-14,3278.07,3910.68994140625,83.82
2012-06-15,3278.07,3910.68994140625,83.82
2012-06-16,3278.07,3910.68994140625,83.82
2012-06-17,3267.69,3910.68994140625,83.56
2012-06-18,3264.23,3910.68994140625,83.47
2012-06-19,3264.23,3910.68994140625,83.47
2012-06-20,3260.77,3910.68994140625,83.38
2012-06-21,3253.85,3910.68994140625,83.2
2012-06-22,3253.85,3910.68994140625,83.2
2012-06-23,3253.85,3910.68994140625,83.2
2012-06-24,3267.69,3910.68994140625,83.56
2012-06-25,3267.69,3910.68994140625,83.56
2012-06-26,3264.23,3910.68994140625,83.47
2012-06-27,3264.23,3910.68994140625,83.47
2012-06-28,3260.77,3910.68994140625,83.38
2012-06-29,3260.77,3910.68994140625,83.38
2012-06-30,3260.77,3910.68994140625,83.38
2012-07-01,3260.77,3910.68994140625,83.38
2012-07-02,3260.77,3910.68994140625,83.38
2012-07-03,3260.77,3910.68994140625,83.38
2012-07-04,3260.77,3910.68994140625,83.38
2012-07-05,3267.69,3910.68994140625,83.56
2012-07-06,3267.69,3910.68994140625,83.56
2012-07-07,3267.69,3910.68994140625,83.56
2012-07-08,3264.23,3910.68994140625,83.47
2012-07-09,3264.23,3910.68994140625,83.47
2012-07-10,3264.23,3910.68994140625,83.47
2012-07-11,3264.23,3910.68994140625,83.47
2012-07-12,3264.23,3910.68994140625,83.47
2012-07-13,3264.23,3910.68994140625,83.47
2012-07-14,3264.23,3910.68994140625,83.47
2012-07-15,3264.23,3910.68994140625,83.47
2012-07-16,3264.23,3910.68994140625,83.47
2012-07-17,3264.23,3910.68994140625,83.47
2012-07-18,3264.23,3910.68994140625,83.47
2012-07-19,3264.23,3910.68994140625,83.47
2012-07-20,3264.23,3910.68994140625,83.47
2012-07-21,3236.54,3910.68994140625,82.76
2012-07-22,3236.54,3910.68994140625,82.76
2012-07-23,3233.08,3910.68994140625,82.67
2012-07-24,3233.08,3910.68994140625,82.67
2012-07-25,3233.08,3910.68994140625,82.67
2012-07-26,3233.08,3910.68994140625,82.67
2012-07-27,3226.16,3910.68994140625,82.5
2012-07-28,3226.16,3910.68994140625,82.5
2012-07-29,3226.16,3910.68994140625,82.5
2012-07-30,3222.7,3910.68994140625,82.41
2012-07-31,3222.7,3910.68994140625,82.41
2012-08-01,3222.7,3910.68994140625,82.41
2012-08-02,3222.7,3910.68994140625,82.41
2012-08-03,3222.7,3910.68994140625,82.41
2012-08-04,3222.7,3910.68994140625,82.41
2012-08-05,3222.7,3910.68994140625,82.41
2012-08-06,3222.7,3910.68994140625,82.41
2012-08-07,3222.7,3910.68994140625,82.41
2012-08-08,3222.7,3910.68994140625,82.41
2012-08-09,3222.7,3910.68994140625,82.41
2012-08-10,3222.7,3910.68994140625,82.41
2012-08-11,3222.7,3910.68994140625,82.41
2012-08-12,3191.55,3910.68994140625,81.61
2012-08-13,3191.55,3910.68994140625,81.61
2012-08-14,3191.55,3910.68994140625,81.61
2012-08-15,3191.55,3910.68994140625,81.61
2012-08-16,3191.55,3910.68994140625,81.61
2012-08-17,3191.55,3910.68994140625,81.61
2012-08-18,3191.55,3910.68994140625,81.61
2012-08-19,3188.09,3910.68994140625,81.52
2012-08-20,3188.09,3910.68994140625,81.52
2012-08-21,3188.09,3910.68994140625,81.52
2012-08-22,3188.09,3910.68994140625,81.52
2012-08-23,3188.09,3910.68994140625,81.52
2012-08-24,3188.09,3910.68994140625,81.52
2012-08-25,3184.63,3910.68994140625,81.43
2012-08-26,3181.17,3910.68994140625,81.35
2012-08-27,3181.17,3910.68994140625,81.35
2012-08-28,3181.17,3910.68994140625,81.35
2012-08-29,3181.17,3910.68994140625,81.35
2012-08-30,3181.17,3910.68994140625,81.35
2012-08-31,3181.17,3910.68994140625,81.35
2012-09-01,3181.17,3910.68994140625,81.35
2012-09-02,3181.17,3910.68994140625,81.35
2012-09-03,3181.17,3910.68994140625,81.35
2012-09-04,3181.17,3910.68994140625,81.35
2012-09-05,3181.17,3910.68994140625,81.35
2012-09-06,3181.17,3910.68994140625,81.35
2012-09-07,3181.17,3910.68994140625,81.35
2012-09-08,3177.71,3910.68994140625,81.26
2012-09-09,3177.71,3910.68994140625,81.26
2012-09-10,3177.71,3910.68994140625,81.26
2012-09-11,3177.71,3910.68994140625,81.26
2012-09-12,3177.71,3910.68994140625,81.26
2012-09-13,3177.71,3910.68994140625,81.26
2012-09-14,3177.71,3910.68994140625,81.26
2012-09-15,3177.71,3910.68994140625,81.26
2012-09-16,3177.71,3910.68994140625,81.26
2012-09-17,3177.71,3910.68994140625,81.26
2012-09-18,3160.4,3910.68994140625,80.81
2012-09-19,3160.4,3910.68994140625,80.81
2012-09-20,3160.4,3910.68994140625,80.81
2012-09-21,3160.4,3910.68994140625,80.81
2012-09-22,3160.4,3910.68994140625,80.81
2012-09-23,3160.4,3910.68994140625,80.81
2012-09-24,3160.4,3910.68994140625,80.81
2012-09-25,3160.4,3910.68994140625,80.81
2012-09-26,3160.4,3910.68994140625,80.81
2012-09-27,3160.4,3910.68994140625,80.81
2012-09-28,3160.4,3910.68994140625,80.81
2012-09-29,3153.48,3910.68994140625,80.64
2012-09-30,3153.48,3910.68994140625,80.64
2012-10-01,3153.48,3910.68994140625,80.64
2012-10-02,3153.48,3910.68994140625,80.64
2012-10-03,3153.48,3910.68994140625,80.64
2012-10-04,3153.48,3910.68994140625,80.64
2012-10-05,3153.48,3910.68994140625,80.64
2012-10-06,3150.02,3910.68994140625,80.55
2012-10-07,3146.56,3910.68994140625,80.46
2012-10-08,3146.56,3910.68994140625,80.46
2012-10-09,3146.56,3910.68994140625,80.46
2012-10-10,3146.56,3910.68994140625,80.46
2012-10-11,3146.56,3910.68994140625,80.46
2012-10-12,3146.56,3910.68994140625,80.46
2012-10-13,3146.56,3910.68994140625,80.46
2012-10-14,3146.56,3910.68994140625,80.46
2012-10-15,3146.56,3910.68994140625,80.46
2012-10-16,3146.56,3910.68994140625,80.46
2012-10-17,3146.56,3910.68994140625,80.46
2012-10-18,3146.56,3910.68994140625,80.46
2012-10-19,3146.56,3910.68994140625,80.46
2012-10-20,3139.64,3910.68994140625,80.28
2012-10-21,3139.64,3910.68994140625,80.28
2012-10-22,3139.64,3910.68994140625,80.28
2012-10-23,3136.17,3910.68994140625,80.19
2012-10-24,3136.17,3910.68994140625,80.19
2012-10-25,3136.17,3910.68994140625,80.19
2012-10-26,3136.17,3910.68994140625,80.19
2012-10-27,3129.25,3910.68994140625,80.02
2012-10-28,3122.33,3910.68994140625,79.84
2012-10-29,3122.33,3910.68994140625,79.84
2012-10-30,3122.33,3910.68994140625,79.84
2012-10-31,3118.87,3910.68994140625,79.75
2012-11-01,3118.87,3910.68994140625,79.75
2012-11-02,3118.87,3910.68994140625,79.75
2012-11-03,3118.87,3910.68994140625,79.75
2012-11-04,3118.87,3910.68994140625,79.75
2012-11-05,3115.41,3910.68994140625,79.66
2012-11-06,3115.41,3910.68994140625,79.66
2012-11-07,3111.95,3910.68994140625,79.58
2012-11-08,3111.95,3910.68994140625,79.58
2012-11-09,3111.95,3910.68994140625,79.58
2012-11-10,3101.56,3910.68994140625,79.31
2012-11-11,3098.1,3910.68994140625,79.22
2012-11-12,3094.64,3910.68994140625,79.13
2012-11-13,3091.18,3910.68994140625,79.04
2012-11-14,3087.72,3910.68994140625,78.96
2012-11-15,3084.26,3910.68994140625,78.87
2012-11-16,3084.26,3910.68994140625,78.87
2012-11-17,3077.34,3910.68994140625,78.69
2012-11-18,3077.34,3910.68994140625,78.69
2012-11-19,3077.34,3910.68994140625,78.69
2012-11-20,3077.34,3910.68994140625,78.69
2012-11-21,3077.34,3910.68994140625,78.69
2012-11-22,3077.34,3910.68994140625,78.69
2012-11-23,3077.34,3910.68994140625,78.69
2012-11-24,3077.34,3910.68994140625,78.69
2012-11-25,3077.34,3910.68994140625,78.69
2012-11-26,3080.8,3910.68994140625,78.78
2012-11-27,3080.8,3910.68994140625,78.78
2012-11-28,3080.8,3910.68994140625,78.78
2012-11-29,3080.8,3910.68994140625,78.78
2012-11-30,3080.8,3910.68994140625,78.78
2012-12-01,3080.8,3910.68994140625,78.78
2012-12-02,3077.34,3910.68994140625,78.69
2012-12-03,3077.34,3910.68994140625,78.69
2012-12-04,3077.34,3910.68994140625,78.69
2012-12-05,3077.34,3910.68994140625,78.69
2012-12-06,3077.34,3910.68994140625,78.69
2012-12-07,3077.34,3910.68994140625,78.69
2012-12-08,3066.95,3910.68994140625,78.42
2012-12-09,3060.03,3910.68994140625,78.25
2012-12-10,3056.57,3910.68994140625,78.16
2012-12-11,3053.11,3910.68994140625,78.07
2012-12-12,3049.65,3910.68994140625,77.98
2012-12-13,3046.19,3910.68994140625,77.89
2012-12-14,3042.73,3910.68994140625,77.81
2012-12-15,3039.27,3910.68994140625,77.72
2012-12-16,3035.8,3910.68994140625,77.63
2012-12-17,3032.34,3910.68994140625,77.54
2012-12-18,3028.88,3910.68994140625,77.45
2012-12-19,3025.42,3910.68994140625,77.36
2012-12-20,3015.27,3910.68994140625,77.1
2012-12-21,3015.27,3910.68994140625,77.1
2012-12-22,3002.33,3910.68994140625,76.77
2012-12-23,2995.87,3910.68994140625,76.61
2012-12-24,2989.4,3910.68994140625,76.44
2012-12-25,2982.94,3910.68994140625,76.28
2012-12-26,2973.24,3910.68994140625,76.03
2012-12-27,2966.77,3910.68994140625,75.86
2012-12-28,2960.31,3910.68994140625,75.7
2012-12-29,2953.84,3910.68994140625,75.53
2012-12-30,2947.37,3910.68994140625,75.37
2012-12-31,2940.91,3910.68994140625,75.2
2013-01-01,2940.91,3910.68994140625,75.2
2013-01-02,2927.98,3910.68994140625,74.87
2013-01-03,2921.51,3910.68994140625,74.71
2013-01-04,2915.04,3910.68994140625,74.54
2013-01-05,2915.04,3910.68994140625,74.54
2013-01-06,2915.04,3910.68994140625,74.54
2013-01-07,2905.34,3910.68994140625,74.29
2013-01-08,2905.34,3910.68994140625,74.29
2013-01-09,2902.11,3910.68994140625,74.21
2013-01-10,2895.646,3910.68994140625,74.04
2013-01-11,2889.18,3910.68994140625,73.88
2013-01-12,2889.18,3910.68994140625,73.88
2013-01-13,2885.95,3910.68994140625,73.8
2013-01-14,2879.48,3910.68994140625,73.63
2013-01-15,2876.25,3910.68994140625,73.55
2013-01-16,2873.01,3910.68994140625,73.47
2013-01-17,2869.78,3910.68994140625,73.38
2013-01-18,2866.55,3910.68994140625,73.3
2013-01-19,2863.32,3910.68994140625,73.22
2013-01-20,2856.85,3910.68994140625,73.05
2013-01-21,2853.62,3910.68994140625,72.97
2013-01-22,2850.38,3910.68994140625,72.89
2013-01-23,2847.15,3910.68994140625,72.8
2013-01-24,2843.92,3910.68994140625,72.72
2013-01-25,2843.92,3910.68994140625,72.72
2013-01-26,2843.92,3910.68994140625,72.72
2013-01-27,2843.92,3910.68994140625,72.72
2013-01-28,2843.92,3910.68994140625,72.72
2013-01-29,2843.92,3910.68994140625,72.72
2013-01-30,2843.92,3910.68994140625,72.72
2013-01-31,2840.69,3910.68994140625,72.64
2013-02-01,2840.69,3910.68994140625,72.64
2013-02-02,2840.69,3910.68994140625,72.64
2013-02-03,2840.69,3910.68994140625,72.64
2013-02-04,2840.69,3910.68994140625,72.64
2013-02-05,2840.69,3910.68994140625,72.64
2013-02-06,2840.69,3910.68994140625,72.64
2013-02-07,2840.69,3910.68994140625,72.64
2013-02-08,2840.69,3910.68994140625,72.64
2013-02-09,2840.69,3910.68994140625,72.64
2013-02-10,2840.69,3910.68994140625,72.64
2013-02-11,2840.69,3910.68994140625,72.64
2013-02-12,2840.69,3910.68994140625,72.64
2013-02-13,2824.52,3910.68994140625,72.23
2013-02-14,2824.52,3910.68994140625,72.23
2013-02-15,2824.52,3910.68994140625,72.23
2013-02-16,2824.52,3910.68994140625,72.23
2013-02-17,2824.52,3910.68994140625,72.23
2013-02-18,2824.52,3910.68994140625,72.23
2013-02-19,2824.52,3910.68994140625,72.23
2013-02-20,2824.52,3910.68994140625,72.23
2013-02-21,2824.52,3910.68994140625,72.23
2013-02-22,2824.52,3910.68994140625,72.23
2013-02-23,2814.82,3910.68994140625,71.98
2013-02-24,2814.82,3910.68994140625,71.98
2013-02-25,2814.82,3910.68994140625,71.98
2013-02-26,2811.59,3910.68994140625,71.89
2013-02-27,2811.59,3910.68994140625,71.89
2013-02-28,2808.35,3910.68994140625,71.81
2013-03-01,2805.12,3910.68994140625,71.73
2013-03-02,2805.12,3910.68994140625,71.73
2013-03-03,2805.12,3910.68994140625,71.73
2013-03-04,2805.12,3910.68994140625,71.73
2013-03-05,2801.89,3910.68994140625,71.65
2013-03-06,2798.66,3910.68994140625,71.56
2013-03-07,2792.19,3910.68994140625,71.4
2013-03-08,2792.19,3910.68994140625,71.4
2013-03-09,2779.26,3910.68994140625,71.07
2013-03-10,2772.79,3910.68994140625,70.9
2013-03-11,2766.33,3910.68994140625,70.74
2013-03-12,2759.86,3910.68994140625,70.57
2013-03-13,2753.39,3910.68994140625,70.41
2013-03-14,2746.93,3910.68994140625,70.24
2013-03-15,2740.46,3910.68994140625,70.08
2013-03-16,2734.0,3910.68994140625,69.91
2013-03-17,2730.76,3910.68994140625,69.83
2013-03-18,2727.53,3910.68994140625,69.75
2013-03-19,2721.06,3910.68994140625,69.58
2013-03-20,2717.83,3910.68994140625,69.5
2013-03-21,2714.6,3910.68994140625,69.41
2013-03-22,2711.36,3910.68994140625,69.33
2013-03-23,2708.13,3910.68994140625,69.25
2013-03-24,2698.43,3910.68994140625,69.0
2013-03-25,2689.15,3910.68994140625,68.76
2013-03-26,2683.09,3910.68994140625,68.61
2013-03-27,2677.04,3910.68994140625,68.45
2013-03-28,2670.98,3910.68994140625,68.3
2013-03-29,2664.93,3910.68994140625,68.14
2013-03-30,2658.88,3910.68994140625,67.99
2013-03-31,2652.82,3910.68994140625,67.84
2013-04-01,2646.77,3910.69,67.68
2013-04-02,2640.71,3910.69,67.53
2013-04-03,2634.66,3910.69,67.37
2013-04-04,2628.61,3910.69,67.22
2013-04-05,2622.55,3910.69,67.06
2013-04-06,2613.47,3910.69,66.83
2013-04-07,2607.42,3910.69,66.67
2013-04-08,2601.36,3910.69,66.52
2013-04-09,2595.31,3910.69,66.36
2013-04-10,2589.25,3910.69,66.21
2013-04-11,2583.2,3910.69,66.05
2013-04-12,2577.15,3910.69,65.9
2013-04-13,2571.09,3910.69,65.75
2013-04-14,2565.04,3910.69,65.59
2013-04-15,2558.99,3910.69,65.44
2013-04-16,2552.93,3910.69,65.28
2013-04-17,2546.88,3910.69,65.13
2013-04-18,2540.82,3910.69,64.97
2013-04-19,2534.77,3910.69,64.82
2013-04-20,2528.72,3910.69,64.66
2013-04-21,2522.66,3910.69,64.51
2013-04-22,2516.61,3910.69,64.35
2013-04-23,2510.55,3910.69,64.2
2013-04-24,2504.5,3910.69,64.04
2013-04-25,2498.45,3910.69,63.89
2013-04-26,2492.39,3910.69,63.73
2013-04-27,2486.34,3910.69,63.58
2013-04-28,2480.28,3910.69,63.42
2013-04-29,2486.34,3910.69,63.58
2013-04-30,2486.34,3910.69,63.58
2013-05-01,2492.39,3910.69,63.73
2013-05-02,2489.36,3910.69,63.66
2013-05-03,2489.36,3910.69,63.66
2013-05-04,2483.31,3910.69,63.5
2013-05-05,2477.26,3910.69,63.35
2013-05-06,2459.09,3910.69,62.88
2013-05-07,2456.07,3910.69,62.8
2013-05-08,2453.0,3910.69,62.73
2013-05-09,2450.01,3910.69,62.65
2013-05-10,2446.99,3910.69,62.57
2013-05-11,2446.99,3910.69,62.57
2013-05-12,2446.99,3910.69,62.57
2013-05-13,2440.93,3910.69,62.42
2013-05-14,2434.88,3910.69,62.26
2013-05-15,2434.88,3910.69,62.26
2013-05-16,2434.88,3910.69,62.26
2013-05-17,2434.88,3910.69,62.26
2013-05-18,2434.88,3910.69,62.26
2013-05-19,2434.88,3910.69,62.26
2013-05-20,2434.88,3910.69,62.26
2013-05-21,2434.88,3910.69,62.26
2013-05-22,2434.88,3910.69,62.26
2013-05-23,2434.88,3910.69,62.26
2013-05-24,2434.88,3910.69,62.26
2013-05-25,2434.88,3910.69,62.26
2013-05-26,2434.88,3910.69,62.26
2013-05-27,2434.88,3910.69,62.26
2013-05-28,2434.88,3910.69,62.26
2013-05-29,2434.88,3910.69,62.26
2013-05-30,2434.88,3910.69,62.26
2013-05-31,2434.88,3910.69,62.26
2013-06-01,2434.88,3910.69,62.26
2013-06-02,2434.88,3910.69,62.26
2013-06-03,2434.88,3910.69,62.26
2013-06-04,2434.88,3910.69,62.26
2013-06-05,2434.88,3910.69,62.26
2013-06-06,2434.88,3910.69,62.26
2013-06-07,2434.88,3910.69,62.26
2013-06-08,2416.72,3910.69,61.8
2013-06-09,2416.72,3910.69,61.8
2013-06-10,2416.72,3910.69,61.8
2013-06-11,2416.72,3910.69,61.8
2013-06-12,2416.72,3910.69,61.8
2013-06-13,2416.72,3910.69,61.8
2013-06-14,2416.72,3910.69,61.8
2013-06-15,2416.72,3910.69,61.8
2013-06-16,2416.72,3910.69,61.8
2013-06-17,2416.72,3910.69,61.8
2013-06-18,2416.72,3910.69,61.8
2013-06-19,2416.72,3910.69,61.8
2013-06-20,2401.58,3910.69,61.41
2013-06-21,2401.58,3910.69,61.41
2013-06-22,2401.58,3910.69,61.41
2013-06-23,2401.58,3910.69,61.41
2013-06-24,2398.55,3910.69,61.33
2013-06-25,2398.55,3910.69,61.33
2013-06-26,2398.55,3910.69,61.33
2013-06-27,2395.53,3910.69,61.26
2013-06-28,2392.5,3910.69,61.18
2013-06-29,2392.5,3910.69,61.18
2013-06-30,2392.5,3910.69,61.18
2013-07-01,2389.67,3910.68994140625,61.11
2013-07-02,2386.84,3910.68994140625,61.03
2013-07-03,2392.5,3910.68994140625,61.18
2013-07-04,2392.5,3910.68994140625,61.18
2013-07-05,2389.67,3910.68994140625,61.11
2013-07-06,2389.67,3910.68994140625,61.11
2013-07-07,2389.67,3910.68994140625,61.11
2013-07-08,2386.84,3910.68994140625,61.03
2013-07-09,2386.84,3910.68994140625,61.03
2013-07-10,2386.84,3910.68994140625,61.03
2013-07-11,2386.84,3910.68994140625,61.03
2013-07-12,2386.84,3910.68994140625,61.03
2013-07-13,2386.84,3910.68994140625,61.03
2013-07-14,2386.84,3910.68994140625,61.03
2013-07-15,2386.84,3910.68994140625,61.03
2013-07-16,2386.84,3910.68994140625,61.03
2013-07-17,2386.84,3910.68994140625,61.03
2013-07-18,2386.84,3910.68994140625,61.03
2013-07-19,2386.84,3910.68994140625,61.03
2013-07-20,2386.84,3910.68994140625,61.03
2013-07-21,2386.84,3910.68994140625,61.03
2013-07-22,2386.84,3910.68994140625,61.03
2013-07-23,2386.84,3910.68994140625,61.03
2013-07-24,2386.84,3910.68994140625,61.03
2013-07-25,2386.84,3910.68994140625,61.03
2013-07-26,2386.84,3910.68994140625,61.03
2013-07-27,2386.84,3910.68994140625,61.03
2013-07-28,2386.84,3910.68994140625,61.03
2013-07-29,2386.84,3910.68994140625,61.03
2013-07-30,2386.84,3910.68994140625,61.03
2013-07-31,2386.84,3910.68994140625,61.03
2013-08-01,2386.84,3910.68994140625,61.03
2013-08-02,2386.84,3910.68994140625,61.03
2013-08-03,2386.84,3910.68994140625,61.03
2013-08-04,2386.84,3910.68994140625,61.03
2013-08-05,2386.84,3910.68994140625,61.03
2013-08-06,2386.84,3910.68994140625,61.03
2013-08-07,2386.84,3910.68994140625,61.03
2013-08-08,2350.02,3910.68994140625,60.09
2013-08-09,2350.02,3910.68994140625,60.09
2013-08-10,2350.02,3910.68994140625,60.09
2013-08-11,2350.02,3910.68994140625,60.09
2013-08-12,2350.02,3910.68994140625,60.09
2013-08-13,2352.85,3910.68994140625,60.16
2013-08-14,2352.85,3910.68994140625,60.16
2013-08-15,2352.85,3910.68994140625,60.16
2013-08-16,2352.85,3910.68994140625,60.16
2013-08-17,2352.85,3910.68994140625,60.16
2013-08-18,2347.19,3910.68994140625,60.02
2013-08-19,2347.19,3910.68994140625,60.02
2013-08-20,2347.19,3910.68994140625,60.02
2013-08-21,2347.19,3910.68994140625,60.02
2013-08-22,2344.36,3910.68994140625,59.95
2013-08-23,2344.36,3910.68994140625,59.95
2013-08-24,2344.36,3910.68994140625,59.95
2013-08-25,2341.52,3910.68994140625,59.87
2013-08-26,2341.52,3910.68994140625,59.87
2013-08-27,2344.36,3910.68994140625,59.95
2013-08-28,2350.02,3910.68994140625,60.09
2013-08-29,2352.85,3910.68994140625,60.16
2013-08-30,2352.85,3910.68994140625,60.16
2013-08-31,2352.85,3910.68994140625,60.16
2013-09-01,2352.85,3910.68994140625,60.16
2013-09-02,2352.85,3910.68994140625,60.16
2013-09-03,2352.85,3910.68994140625,60.16
2013-09-04,2350.02,3910.68994140625,60.09
2013-09-05,2350.02,3910.68994140625,60.09
2013-09-06,2350.02,3910.68994140625,60.09
2013-09-07,2381.17,3910.68994140625,60.89
2013-09-08,2410.66,3910.68994140625,61.64
2013-09-09,2422.77,3910.68994140625,61.95
2013-09-10,2434.88,3910.68994140625,62.26
2013-09-11,2443.96,3910.68994140625,62.49
2013-09-12,2471.2,3910.68994140625,63.19
2013-09-13,2495.42,3910.68994140625,63.81
2013-09-14,2513.58,3910.68994140625,64.27
2013-09-15,2558.99,3910.68994140625,65.44
2013-09-16,2658.88,3910.68994140625,67.99
2013-09-17,2940.91,3910.68994140625,75.2
2013-09-18,3631.79,3910.68994140625,92.87
2013-09-19,3974.32,3910.68994140625,101.63
2013-09-20,4117.49,3910.68994140625,105.29
2013-09-21,4188.44,3910.68994140625,107.1
2013-09-22,4243.48,3910.68994140625,108.51
2013-09-23,4273.12,3910.68994140625,109.27
2013-09-24,4281.59,3910.68994140625,109.48
2013-09-25,4285.82,3910.68994140625,109.59
2013-09-26,4285.82,3910.68994140625,109.59
2013-09-27,4285.82,3910.68994140625,109.59
2013-09-28,4294.29,3910.68994140625,109.81
2013-09-29,4290.06,3910.68994140625,109.7
2013-09-30,4285.82,3910.68994140625,109.59
2013-10-01,4268.89,3910.68994140625,109.16
2013-10-02,4264.65,3910.68994140625,109.05
2013-10-03,4260.42,3910.68994140625,108.94
2013-10-04,4251.95,3910.68994140625,108.73
2013-10-05,4243.48,3910.68994140625,108.51
2013-10-06,4235.02,3910.68994140625,108.29
2013-10-07,4222.31,3910.68994140625,107.97
2013-10-08,4196.91,3910.68994140625,107.32
2013-10-09,4167.27,3910.68994140625,106.56
2013-10-10,4125.45,3910.68994140625,105.49
2013-10-11,4085.68,3910.68994140625,104.47
2013-10-12,4049.88,3910.68994140625,103.56
2013-10-13,4010.11,3910.68994140625,102.54
2013-10-14,3974.32,3910.68994140625,101.63
2013-10-15,3942.5,3910.68994140625,100.81
2013-10-16,3910.69,3910.68994140625,100.0
2013-10-17,3910.69,3910.68994140625,100.0
2013-10-18,3910.69,3910.68994140625,100.0
2013-10-19,3910.69,3910.68994140625,100.0
2013-10-20,3910.69,3910.68994140625,100.0
2013-10-21,3910.69,3910.68994140625,100.0
2013-10-22,3910.69,3910.68994140625,100.0
2013-10-23,3910.69,3910.68994140625,100.0
2013-10-24,3910.69,3910.68994140625,100.0
2013-10-25,3910.69,3910.68994140625,100.0
2013-10-26,3910.69,3910.68994140625,100.0
2013-10-27,3910.69,3910.68994140625,100.0
2013-10-28,3910.69,3910.68994140625,100.0
2013-10-29,3910.69,3910.68994140625,100.0
2013-10-30,3910.69,3910.68994140625,100.0
2013-10-31,3918.64,3910.68994140625,100.2
2013-11-01,3918.64,3910.68994140625,100.2
2013-11-02,3918.64,3910.68994140625,100.2
2013-11-03,3926.6,3910.68994140625,100.41
2013-11-04,3926.6,3910.68994140625,100.41
2013-11-05,3926.6,3910.68994140625,100.41
2013-11-06,3934.55,3910.68994140625,100.61
2013-11-07,3934.55,3910.68994140625,100.61
2013-11-08,3934.55,3910.68994140625,100.61
2013-11-09,3938.53,3910.68994140625,100.71
2013-11-10,3942.5,3910.68994140625,100.81
2013-11-11,3942.5,3910.68994140625,100.81
2013-11-12,3946.48,3910.68994140625,100.92
2013-11-13,3946.48,3910.68994140625,100.92
2013-11-14,3950.46,3910.68994140625,101.02
2013-11-15,3950.46,3910.68994140625,101.02
2013-11-16,3954.44,3910.68994140625,101.12
2013-11-17,3954.44,3910.68994140625,101.12
2013-11-18,3958.41,3910.68994140625,101.22
2013-11-19,3958.41,3910.68994140625,101.22
2013-11-20,3962.39,3910.68994140625,101.32
2013-11-21,3962.39,3910.68994140625,101.32
2013-11-22,3962.39,3910.68994140625,101.32
2013-11-23,3962.39,3910.68994140625,101.32
2013-11-24,3962.39,3910.68994140625,101.32
2013-11-25,3962.39,3910.68994140625,101.32
2013-11-26,3970.34,3910.68994140625,101.53
2013-11-27,3974.32,3910.68994140625,101.63
2013-11-28,3974.32,3910.68994140625,101.63
2013-11-29,3974.32,3910.68994140625,101.63
2013-11-30,3978.3,3910.68994140625,101.73
2013-12-01,3982.27,3910.68994140625,101.83
2013-12-02,3982.27,3910.68994140625,101.83
2013-12-03,3986.25,3910.68994140625,101.93
2013-12-04,3986.25,3910.68994140625,101.93
2013-12-05,3986.25,3910.68994140625,101.93
2013-12-06,3986.25,3910.68994140625,101.93
2013-12-07,3990.23,3910.68994140625,102.03
2013-12-08,3994.21,3910.68994140625,102.14
2013-12-09,3998.18,3910.68994140625,102.24
2013-12-10,3998.18,3910.68994140625,102.24
2013-12-11,4002.16,3910.68994140625,102.34
2013-12-12,4002.16,3910.68994140625,102.34
2013-12-13,4002.16,3910.68994140625,102.34
2013-12-14,4006.14,3910.68994140625,102.44
2013-12-15,4010.11,3910.68994140625,102.54
2013-12-16,4010.11,3910.68994140625,102.54
2013-12-17,4014.09,3910.68994140625,102.64
2013-12-18,4014.09,3910.68994140625,102.64
2013-12-19,4018.07,3910.68994140625,102.75
2013-12-20,4018.07,3910.68994140625,102.75
2013-12-21,4018.07,3910.68994140625,102.75
2013-12-22,4018.07,3910.68994140625,102.75
2013-12-23,4018.07,3910.68994140625,102.75
2013-12-24,4026.02,3910.68994140625,102.95
2013-12-25,4026.02,3910.68994140625,102.95
2013-12-26,4026.02,3910.68994140625,102.95
2013-12-27,4026.02,3910.68994140625,102.95
2013-12-28,4026.02,3910.68994140625,102.95
2013-12-29,4026.02,3910.68994140625,102.95
2013-12-30,4026.02,3910.68994140625,102.95
2013-12-31,4026.02,3910.68994140625,102.95
2014-01-01,4026.02,3910.68994140625,102.95
2014-01-02,4026.02,3910.68994140625,102.95
2014-01-03,4026.02,3910.68994140625,102.95
2014-01-04,4026.02,3910.68994140625,102.95
2014-01-05,4026.02,3910.68994140625,102.95
2014-01-06,4026.02,3910.68994140625,102.95
2014-01-07,4026.02,3910.68994140625,102.95
2014-01-08,4026.02,3910.68994140625,102.95
2014-01-09,4030.0,3910.68994140625,103.05
2014-01-10,4030.0,3910.68994140625,103.05
2014-01-11,4033.98,3910.68994140625,103.15
2014-01-12,4033.98,3910.68994140625,103.15
2014-01-13,4037.95,3910.68994140625,103.25
2014-01-14,4037.95,3910.68994140625,103.25
2014-01-15,4037.95,3910.68994140625,103.25
2014-01-16,4037.95,3910.68994140625,103.25
2014-01-17,4037.95,3910.68994140625,103.25
2014-01-18,4037.95,3910.68994140625,103.25
2014-01-19,4037.95,3910.68994140625,103.25
2014-01-20,4037.95,3910.68994140625,103.25
2014-01-21,4037.95,3910.68994140625,103.25
2014-01-22,4037.95,3910.68994140625,103.25
2014-01-23,4037.95,3910.68994140625,103.25
2014-01-24,4037.95,3910.68994140625,103.25
2014-01-25,4037.95,3910.68994140625,103.25
2014-01-26,4037.95,3910.68994140625,103.25
2014-01-27,4037.95,3910.68994140625,103.25
2014-01-28,4037.95,3910.68994140625,103.25
2014-01-29,4037.95,3910.68994140625,103.25
2014-01-30,4037.95,3910.68994140625,103.25
2014-01-31,4037.95,3910.68994140625,103.25
2014-02-01,4037.95,3910.68994140625,103.25
2014-02-02,4037.95,3910.68994140625,103.25
2014-02-03,4037.95,3910.68994140625,103.25
2014-02-04,4037.95,3910.68994140625,103.25
2014-02-05,4037.95,3910.68994140625,103.25
2014-02-06,4037.95,3910.68994140625,103.25
2014-02-07,4037.95,3910.68994140625,103.25
2014-02-08,4037.95,3910.68994140625,103.25
2014-02-09,4037.95,3910.68994140625,103.25
2014-02-10,4037.95,3910.68994140625,103.25
2014-02-11,4037.95,3910.68994140625,103.25
2014-02-12,4037.95,3910.68994140625,103.25
2014-02-13,4037.95,3910.68994140625,103.25
2014-02-14,4037.95,3910.68994140625,103.25
2014-02-15,4037.95,3910.68994140625,103.25
2014-02-16,4037.95,3910.68994140625,103.25
2014-02-17,4037.95,3910.68994140625,103.25
2014-02-18,4037.95,3910.68994140625,103.25
2014-02-19,4037.95,3910.68994140625,103.25
2014-02-20,4037.95,3910.68994140625,103.25
2014-02-21,4037.95,3910.68994140625,103.25
2014-02-22,4037.95,3910.68994140625,103.25
2014-02-23,4037.95,3910.68994140625,103.25
2014-02-24,4037.95,3910.68994140625,103.25
2014-02-25,4037.95,3910.68994140625,103.25
2014-02-26,4037.95,3910.68994140625,103.25
2014-02-27,4037.95,3910.68994140625,103.25
2014-02-28,4037.95,3910.68994140625,103.25
2014-03-01,4037.95,3910.68994140625,103.25
2014-03-02,4037.95,3910.68994140625,103.25
2014-03-03,4037.95,3910.68994140625,103.25
2014-03-04,4037.95,3910.68994140625,103.25
2014-03-05,4037.95,3910.68994140625,103.25
2014-03-06,4037.95,3910.68994140625,103.25
2014-03-07,4037.95,3910.68994140625,103.25
2014-03-08,4037.95,3910.68994140625,103.25
2014-03-09,4037.95,3910.68994140625,103.25
2014-03-10,4037.95,3910.68994140625,103.25
2014-03-11,4045.91,3910.68994140625,103.46
2014-03-12,4049.88,3910.68994140625,103.56
2014-03-13,4053.86,3910.68994140625,103.66
2014-03-14,4053.86,3910.68994140625,103.66
2014-03-15,4053.86,3910.68994140625,103.66
2014-03-16,4053.86,3910.68994140625,103.66
2014-03-17,4053.86,3910.68994140625,103.66
2014-03-18,4053.86,3910.68994140625,103.66
2014-03-19,4053.86,3910.68994140625,103.66
2014-03-20,4053.86,3910.68994140625,103.66
2014-03-21,4053.86,3910.68994140625,103.66
2014-03-22,4053.86,3910.68994140625,103.66
2014-03-23,4053.86,3910.68994140625,103.66
2014-03-24,4053.86,3910.68994140625,103.66
2014-03-25,4053.86,3910.68994140625,103.66
2014-03-26,4053.86,3910.68994140625,103.66
2014-03-27,4053.86,3910.68994140625,103.66
2014-03-28,4053.86,3910.68994140625,103.66
2014-03-29,4053.86,3910.68994140625,103.66
2014-03-30,4053.86,3910.68994140625,103.66
2014-03-31,4053.86,3910.68994140625,103.66
2014-04-01,4053.86,3910.68994140625,103.66
2014-04-02,4053.86,3910.68994140625,103.66
2014-04-03,4053.86,3910.68994140625,103.66
2014-04-04,4053.86,3910.68994140625,103.66
2014-04-05,4053.86,3910.68994140625,103.66
2014-04-06,4053.86,3910.68994140625,103.66
2014-04-07,4053.86,3910.68994140625,103.66
2014-04-08,4053.86,3910.68994140625,103.66
2014-04-09,4053.86,3910.68994140625,103.66
2014-04-10,4053.86,3910.68994140625,103.66
2014-04-11,4053.86,3910.68994140625,103.66
2014-04-12,4053.86,3910.68994140625,103.66
2014-04-13,4053.86,3910.68994140625,103.66
2014-04-14,4053.86,3910.68994140625,103.66
2014-04-15,4053.86,3910.68994140625,103.66
2014-04-16,4053.86,3910.68994140625,103.66
2014-04-17,4053.86,3910.68994140625,103.66
2014-04-18,4053.86,3910.68994140625,103.66
2014-04-19,4053.86,3910.68994140625,103.66
2014-04-20,4053.86,3910.68994140625,103.66
2014-04-21,4053.86,3910.68994140625,103.66
2014-04-22,4053.86,3910.68994140625,103.66
2014-04-23,4053.86,3910.68994140625,103.66
2014-04-24,4053.86,3910.68994140625,103.66
2014-04-25,4053.86,3910.68994140625,103.66
2014-04-26,4053.86,3910.68994140625,103.66
2014-04-27,4053.86,3910.68994140625,103.66
2014-04-28,4053.86,3910.68994140625,103.66
2014-04-29,4053.86,3910.68994140625,103.66
2014-04-30,4053.86,3910.68994140625,103.66
2014-05-01,4053.86,3910.68994140625,103.66
2014-05-02,4053.86,3910.68994140625,103.66
2014-05-03,4053.86,3910.68994140625,103.66
2014-05-04,4053.86,3910.68994140625,103.66
2014-05-05,4053.86,3910.68994140625,103.66
2014-05-06,4053.86,3910.68994140625,103.66
2014-05-07,4053.86,3910.68994140625,103.66
2014-05-08,4053.86,3910.68994140625,103.66
2014-05-09,4053.86,3910.68994140625,103.66
2014-05-10,4053.86,3910.68994140625,103.66
2014-05-11,4053.86,3910.68994140625,103.66
2014-05-12,4053.86,3910.68994140625,103.66
2014-05-13,4053.86,3910.68994140625,103.66
2014-05-14,4053.86,3910.68994140625,103.66
2014-05-15,4053.86,3910.68994140625,103.66
2014-05-16,4053.86,3910.68994140625,103.66
2014-05-17,4049.88,3910.68994140625,103.56
2014-05-18,4041.93,3910.68994140625,103.36
2014-05-19,4026.02,3910.68994140625,102.95
2014-05-20,4014.09,3910.68994140625,102.64
2014-05-21,4014.09,3910.68994140625,102.64
2014-05-22,3986.25,3910.68994140625,101.93
2014-05-23,3970.34,3910.68994140625,101.53
2014-05-24,3954.44,3910.68994140625,101.12
2014-05-25,3938.53,3910.68994140625,100.71
2014-05-26,3922.62,3910.68994140625,100.31
2014-05-27,3906.71,3910.68994140625,99.9
2014-05-28,3894.78,3910.68994140625,99.59
2014-05-29,3886.83,3910.68994140625,99.39
2014-05-30,3882.85,3910.68994140625,99.29
2014-05-31,3878.87,3910.68994140625,99.19
2014-06-01,3886.83,3910.68994140625,99.39
2014-06-02,3882.85,3910.68994140625,99.29
2014-06-03,3878.72,3910.68994140625,99.18
2014-06-04,3886.83,3910.68994140625,99.39
2014-06-05,3886.83,3910.68994140625,99.39
2014-06-06,3874.9,3910.68994140625,99.08
2014-06-07,3870.92,3910.68994140625,98.98
2014-06-08,3866.94,3910.68994140625,98.88
2014-06-09,3862.96,3910.68994140625,98.78
2014-06-10,3862.96,3910.68994140625,98.78
2014-06-11,3855.01,3910.68994140625,98.58
2014-06-12,3851.03,3910.68994140625,98.47
2014-06-13,3847.06,3910.68994140625,98.37
2014-06-14,3843.08,3910.68994140625,98.27
2014-06-15,3839.1,3910.68994140625,98.17
2014-06-16,3839.1,3910.68994140625,98.17
2014-06-17,3839.1,3910.68994140625,98.17
2014-06-18,3835.13,3910.68994140625,98.07
2014-06-19,3835.13,3910.68994140625,98.07
2014-06-20,3835.13,3910.68994140625,98.07
2014-06-21,3843.08,3910.68994140625,98.27
2014-06-22,3835.13,3910.68994140625,98.07
2014-06-23,3835.13,3910.68994140625,98.07
2014-06-24,3835.13,3910.68994140625,98.07
2014-06-25,3843.08,3910.68994140625,98.27
2014-06-26,3843.08,3910.68994140625,98.27
2014-06-27,3847.06,3910.68994140625,98.37
2014-06-28,3847.06,3910.68994140625,98.37
2014-06-29,3843.08,3910.68994140625,98.27
2014-06-30,3843.08,3910.68994140625,98.27
2014-07-01,3839.1,3910.68994140625,98.17
2014-07-02,3839.1,3910.68994140625,98.17
2014-07-03,3839.1,3910.68994140625,98.17
2014-07-04,3839.1,3910.68994140625,98.17
2014-07-05,3839.1,3910.68994140625,98.17
2014-07-06,3839.1,3910.68994140625,98.17
2014-07-07,3839.1,3910.68994140625,98.17
2014-07-08,3839.1,3910.68994140625,98.17
2014-07-09,3839.1,3910.68994140625,98.17
2014-07-10,3839.1,3910.68994140625,98.17
2014-07-11,3839.1,3910.68994140625,98.17
2014-07-12,3851.03,3910.68994140625,98.47
2014-07-13,3851.03,3910.68994140625,98.47
2014-07-14,3858.99,3910.68994140625,98.68
2014-07-15,3866.94,3910.68994140625,98.88
2014-07-16,3866.94,3910.68994140625,98.88
2014-07-17,3866.94,3910.68994140625,98.88
2014-07-18,3862.96,3910.68994140625,98.78
2014-07-19,3862.96,3910.68994140625,98.78
2014-07-20,3862.96,3910.68994140625,98.78
2014-07-21,3862.96,3910.68994140625,98.78
2014-07-22,3862.96,3910.68994140625,98.78
2014-07-23,3862.96,3910.68994140625,98.78
2014-07-24,3858.99,3910.68994140625,98.68
2014-07-25,3851.03,3910.68994140625,98.47
2014-07-26,3847.06,3910.68994140625,98.37
2014-07-27,3843.08,3910.68994140625,98.27
2014-07-28,3835.13,3910.68994140625,98.07
2014-07-29,3827.17,3910.68994140625,97.86
2014-07-30,3819.22,3910.68994140625,97.66
2014-07-31,3811.26,3910.68994140625,97.46
2014-08-01,3811.26,3910.68994140625,97.46
2014-08-02,3811.26,3910.68994140625,97.46
2014-08-03,3811.26,3910.68994140625,97.46
2014-08-04,3811.26,3910.68994140625,97.46
2014-08-05,3811.26,3910.68994140625,97.46
2014-08-06,3807.29,3910.68994140625,97.36
2014-08-07,3807.29,3910.68994140625,97.36
2014-08-08,3807.29,3910.68994140625,97.36
2014-08-09,3803.31,3910.68994140625,97.25
2014-08-10,3803.31,3910.68994140625,97.25
2014-08-11,3803.31,3910.68994140625,97.25
2014-08-12,3799.32,3910.68994140625,97.15
2014-08-13,3799.32,3910.68994140625,97.15
2014-08-14,3799.32,3910.68994140625,97.15
2014-08-15,3795.35,3910.68994140625,97.05
2014-08-16,3795.35,3910.68994140625,97.05
2014-08-17,3795.35,3910.68994140625,97.05
2014-08-18,3791.38,3910.68994140625,96.95
2014-08-19,3791.38,3910.68994140625,96.95
2014-08-20,3791.38,3910.68994140625,96.95
2014-08-21,3783.42,3910.68994140625,96.75
2014-08-22,3779.47,3910.68994140625,96.64
2014-08-23,3775.47,3910.68994140625,96.54
2014-08-24,3775.47,3910.68994140625,96.54
2014-08-25,3771.49,3910.68994140625,96.44
2014-08-26,3771.49,3910.68994140625,96.44
2014-08-27,3767.52,3910.68994140625,96.34
2014-08-28,3763.54,3910.68994140625,96.24
2014-08-29,3763.54,3910.68994140625,96.24
2014-08-30,3759.56,3910.68994140625,96.14
2014-08-31,3759.56,3910.68994140625,96.14
2014-09-01,3759.56,3910.68994140625,96.14
2014-09-02,3759.56,3910.68994140625,96.14
2014-09-03,3759.56,3910.68994140625,96.14
2014-09-04,3783.42,3910.68994140625,96.75
2014-09-05,3783.42,3910.68994140625,96.75
2014-09-06,3843.08,3910.68994140625,98.27
2014-09-07,3862.96,3910.68994140625,98.78
2014-09-08,3870.92,3910.68994140625,98.98
2014-09-09,3878.87,3910.68994140625,99.19
2014-09-10,3878.87,3910.68994140625,99.19
2014-09-11,3882.85,3910.68994140625,99.29
2014-09-12,3886.83,3910.68994140625,99.39
2014-09-13,3894.78,3910.68994140625,99.59
2014-09-14,3934.55,3910.68994140625,100.61
2014-09-15,4077.72,3910.68994140625,104.27
2014-09-16,4129.42,3910.68994140625,105.59
2014-09-17,4141.87,3910.68994140625,105.91
2014-09-18,4141.87,3910.68994140625,105.91
2014-09-19,4133.4,3910.68994140625,105.69
2014-09-20,4137.63,3910.68994140625,105.8
2014-09-21,4158.8,3910.68994140625,106.34
2014-09-22,4175.74,3910.68994140625,106.78
2014-09-23,4201.14,3910.68994140625,107.43
2014-09-24,4264.65,3910.68994140625,109.05
2014-09-25,4268.89,3910.68994140625,109.16
2014-09-26,4260.42,3910.68994140625,108.94
2014-09-27,4239.25,3910.68994140625,108.4
2014-09-28,4222.31,3910.68994140625,107.97
2014-09-29,4196.91,3910.68994140625,107.32
2014-09-30,4167.27,3910.68994140625,106.56
2014-10-01,4137.63,3910.68994140625,105.8
2014-10-02,4121.47,3910.68994140625,105.39
2014-10-03,4105.56,3910.68994140625,104.98
2014-10-04,4093.63,3910.68994140625,104.68
2014-10-05,4129.42,3910.68994140625,105.59
2014-10-06,4175.74,3910.68994140625,106.78
2014-10-07,4179.97,3910.68994140625,106.89
2014-10-08,4175.74,3910.68994140625,106.78
2014-10-09,4158.8,3910.68994140625,106.34
2014-10-10,4141.87,3910.68994140625,105.91
2014-10-11,4125.45,3910.68994140625,105.49
2014-10-12,4101.58,3910.68994140625,104.88
2014-10-13,4077.72,3910.68994140625,104.27
2014-10-14,4057.83,3910.68994140625,103.76
2014-10-15,4045.91,3910.68994140625,103.46
2014-10-16,4026.21,3910.68994140625,102.95
2014-10-17,4018.07,3910.68994140625,102.75
2014-10-18,4018.07,3910.68994140625,102.75
2014-10-19,4010.11,3910.68994140625,102.54
2014-10-20,4010.11,3910.68994140625,102.54
2014-10-21,4030.0,3910.68994140625,103.05
2014-10-22,4037.95,3910.68994140625,103.25
2014-10-23,4041.93,3910.68994140625,103.36
2014-10-24,4061.81,3910.68994140625,103.86
2014-10-25,4069.77,3910.68994140625,104.07
2014-10-26,4077.72,3910.68994140625,104.27
2014-10-27,4073.75,3910.68994140625,104.17
2014-10-28,4073.75,3910.68994140625,104.17
2014-10-29,4073.75,3910.68994140625,104.17
2014-10-30,4065.79,3910.68994140625,103.97
2014-10-31,4049.88,3910.68994140625,103.56
2014-11-01,4041.93,3910.68994140625,103.36
2014-11-02,4026.21,3910.68994140625,102.95
2014-11-03,4010.11,3910.68994140625,102.54
2014-11-04,3994.21,3910.68994140625,102.14
2014-11-05,3974.32,3910.68994140625,101.63
2014-11-06,3962.39,3910.68994140625,101.32
2014-11-07,3946.48,3910.68994140625,100.92
2014-11-08,3946.48,3910.68994140625,100.92
2014-11-09,3950.46,3910.68994140625,101.02
2014-11-10,3954.44,3910.68994140625,101.12
2014-11-11,3958.41,3910.68994140625,101.22
2014-11-12,3962.39,3910.68994140625,101.32
2014-11-13,3970.34,3910.68994140625,101.53
2014-11-14,3970.34,3910.68994140625,101.53
2014-11-15,3974.32,3910.68994140625,101.63
2014-11-16,3978.3,3910.68994140625,101.73
2014-11-17,3982.27,3910.68994140625,101.83
2014-11-18,3986.25,3910.68994140625,101.93
2014-11-19,3978.3,3910.68994140625,101.73
2014-11-20,3986.25,3910.68994140625,101.93
2014-11-21,3990.23,3910.68994140625,102.03
2014-11-22,3994.21,3910.68994140625,102.14
2014-11-23,3998.18,3910.68994140625,102.24
2014-11-24,4002.15,3910.68994140625,102.34
2014-11-25,4006.14,3910.68994140625,102.44
2014-11-26,4014.09,3910.68994140625,102.64
2014-11-27,4006.14,3910.68994140625,102.44
2014-11-28,4010.11,3910.68994140625,102.54
2014-11-29,4010.11,3910.68994140625,102.54
2014-11-30,4014.01,3910.68994140625,102.64
2014-12-01,4018.07,3910.68994140625,102.75
2014-12-02,4018.07,3910.68994140625,102.75
2014-12-03,4022.04,3910.68994140625,102.85
2014-12-04,4026.02,3910.68994140625,102.95
2014-12-05,4026.02,3910.68994140625,102.95
2014-12-06,4033.98,3910.68994140625,103.15
2014-12-07,4033.98,3910.68994140625,103.15
2014-12-08,4037.95,3910.68994140625,103.25
2014-12-09,4041.93,3910.68994140625,103.36
2014-12-10,4045.91,3910.68994140625,103.46
2014-12-11,4045.91,3910.68994140625,103.46
2014-12-12,4049.88,3910.68994140625,103.56
2014-12-13,4049.88,3910.68994140625,103.56
2014-12-14,4045.91,3910.68994140625,103.46
2014-12-15,4045.91,3910.68994140625,103.46
2014-12-16,4049.88,3910.68994140625,103.56
2014-12-17,4041.93,3910.68994140625,103.36
2014-12-18,4041.93,3910.68994140625,103.36
2014-12-19,4041.93,3910.68994140625,103.36
2014-12-20,4041.93,3910.68994140625,103.36
2014-12-21,4037.95,3910.68994140625,103.25
2014-12-22,4033.98,3910.68994140625,103.15
2014-12-23,4033.98,3910.68994140625,103.15
2014-12-24,4033.98,3910.68994140625,103.15
2014-12-25,4030.0,3910.68994140625,103.05
2014-12-26,4014.09,3910.68994140625,102.64
2014-12-27,4022.04,3910.68994140625,102.85
2014-12-28,4018.07,3910.68994140625,102.75
2014-12-29,4018.07,3910.68994140625,102.75
2014-12-30,4014.09,3910.68994140625,102.64
2014-12-31,4014.09,3910.68994140625,102.64
2015-01-01,4010.11,3910.68994140625,102.54
2015-01-02,4014.09,3910.68994140625,102.64
2015-01-03,4006.14,3910.68994140625,102.44
2015-01-04,4006.14,3910.68994140625,102.44
2015-01-05,4006.14,3910.68994140625,102.44
2015-01-06,3998.18,3910.68994140625,102.24
2015-01-07,3998.18,3910.68994140625,102.24
2015-01-08,4002.16,3910.68994140625,102.34
2015-01-09,4002.16,3910.68994140625,102.34
2015-01-10,4006.14,3910.68994140625,102.44
2015-01-11,3994.21,3910.68994140625,102.14
2015-01-12,3998.18,3910.68994140625,102.24
2015-01-13,3994.18,3910.68994140625,102.13
2015-01-14,3994.18,3910.68994140625,102.13
2015-01-15,3990.23,3910.68994140625,102.03
2015-01-16,3990.23,3910.68994140625,102.03
2015-01-17,3990.23,3910.68994140625,102.03
2015-01-18,3990.23,3910.68994140625,102.03
2015-01-19,3986.25,3910.68994140625,101.93
2015-01-20,3986.25,3910.68994140625,101.93
2015-01-21,3982.27,3910.68994140625,101.83
2015-01-22,3982.27,3910.68994140625,101.83
2015-01-23,3974.32,3910.68994140625,101.63
2015-01-24,3974.32,3910.68994140625,101.63
2015-01-25,3974.32,3910.68994140625,101.63
2015-01-26,3974.32,3910.68994140625,101.63
2015-01-27,3970.34,3910.68994140625,101.53
2015-01-28,3970.34,3910.68994140625,101.53
2015-01-29,3966.37,3910.68994140625,101.42
2015-01-30,3966.37,3910.68994140625,101.42
2015-01-31,3962.39,3910.68994140625,101.32
2015-02-01,3962.39,3910.68994140625,101.32
2015-02-02,3958.41,3910.68994140625,101.22
2015-02-03,3962.39,3910.68994140625,101.32
2015-02-04,3962.39,3910.68994140625,101.32
2015-02-05,3962.39,3910.68994140625,101.32
2015-02-06,3958.41,3910.68994140625,101.22
2015-02-07,3958.41,3910.68994140625,101.22
2015-02-08,3962.39,3910.68994140625,101.32
2015-02-09,3950.45,3910.68994140625,101.02
2015-02-10,3950.45,3910.68994140625,101.02
2015-02-11,3950.45,3910.68994140625,101.02
2015-02-12,3942.5,3910.68994140625,100.81
2015-02-13,3946.48,3910.68994140625,100.92
2015-02-14,3942.5,3910.68994140625,100.81
2015-02-15,3938.52,3910.68994140625,100.71
2015-02-16,3942.5,3910.68994140625,100.81
2015-02-17,3938.52,3910.68994140625,100.71
2015-02-18,3934.55,3910.68994140625,100.61
2015-02-19,3930.57,3910.68994140625,100.51
2015-02-20,3922.62,3910.68994140625,100.31
2015-02-21,3926.6,3910.68994140625,100.41
2015-02-22,3922.62,3910.68994140625,100.31
2015-02-23,3922.62,3910.68994140625,100.31
2015-02-24,3918.64,3910.68994140625,100.2
2015-02-25,3914.67,3910.68994140625,100.1
2015-02-26,3910.69,3910.68994140625,100.0
2015-02-27,3910.69,3910.68994140625,100.0
2015-02-28,3910.69,3910.68994140625,100.0
2015-03-01,3910.69,3910.68994140625,100.0
2015-03-02,3910.69,3910.68994140625,100.0
2015-03-03,3910.69,3910.68994140625,100.0
2015-03-04,3918.64,3910.68994140625,100.2
2015-03-05,3910.69,3910.68994140625,100.0
2015-03-06,3910.69,3910.68994140625,100.0
2015-03-07,3910.69,3910.68994140625,100.0
2015-03-08,3914.67,3910.68994140625,100.1
2015-03-09,3910.69,3910.68994140625,100.0
2015-03-10,3914.67,3910.68994140625,100.1
2015-03-11,3922.62,3910.68994140625,100.31
2015-03-12,3926.6,3910.68994140625,100.41
2015-03-13,3930.57,3910.68994140625,100.51
2015-03-14,3934.55,3910.68994140625,100.61
2015-03-15,3946.48,3910.68994140625,100.92
2015-03-16,3950.45,3910.68994140625,101.02
2015-03-17,3958.41,3910.68994140625,101.22
2015-03-18,3962.39,3910.68994140625,101.32
2015-03-19,3958.41,3910.68994140625,101.22
2015-03-20,3966.37,3910.68994140625,101.42
2015-03-21,3970.34,3910.68994140625,101.53
2015-03-22,3974.32,3910.68994140625,101.63
2015-03-23,3978.3,3910.68994140625,101.73
2015-03-24,3978.3,3910.68994140625,101.73
2015-03-25,3982.27,3910.68994140625,101.83
2015-03-26,3982.27,3910.68994140625,101.83
2015-03-27,3986.25,3910.68994140625,101.93
2015-03-28,3986.25,3910.68994140625,101.93
2015-03-29,3986.25,3910.68994140625,101.93
2015-03-30,3990.23,3910.68994140625,102.03
2015-03-31,3986.25,3910.68994140625,101.93
2015-04-01,3986.25,3910.68994140625,101.93
2015-04-02,3986.25,3910.68994140625,101.93
2015-04-03,3982.27,3910.68994140625,101.83
2015-04-04,3978.3,3910.68994140625,101.73
2015-04-05,3982.27,3910.68994140625,101.83
2015-04-06,3978.3,3910.68994140625,101.73
2015-04-07,3978.3,3910.68994140625,101.73
2015-04-08,3970.34,3910.68994140625,101.53
2015-04-09,3970.34,3910.68994140625,101.53
2015-04-10,3966.37,3910.68994140625,101.42
2015-04-11,3970.34,3910.68994140625,101.53
2015-04-12,3962.39,3910.68994140625,101.32
2015-04-13,3954.44,3910.68994140625,101.12
2015-04-14,3954.44,3910.68994140625,101.12
2015-04-15,3954.44,3910.68994140625,101.12
2015-04-16,3950.46,3910.68994140625,101.02
2015-04-17,3946.48,3910.68994140625,100.92
2015-04-18,3946.48,3910.68994140625,100.92
2015-04-19,3946.48,3910.68994140625,100.92
2015-04-20,3942.5,3910.68994140625,100.81
2015-04-21,3934.55,3910.68994140625,100.61
2015-04-22,3942.5,3910.68994140625,100.81
2015-04-23,3934.55,3910.68994140625,100.61
2015-04-24,3934.55,3910.68994140625,100.61
2015-04-25,3926.6,3910.68994140625,100.41
2015-04-26,3930.57,3910.68994140625,100.51
2015-04-27,3930.57,3910.68994140625,100.51
2015-04-28,3922.62,3910.68994140625,100.31
2015-04-29,3914.67,3910.68994140625,100.1
2015-04-30,3910.69,3910.68994140625,100.0
2015-05-01,3902.73,3910.68994140625,99.8
2015-05-02,3898.76,3910.68994140625,99.69
2015-05-03,3890.8,3910.68994140625,99.49
2015-05-04,3882.85,3910.68994140625,99.29
2015-05-05,3878.87,3910.68994140625,99.19
2015-05-06,3874.9,3910.68994140625,99.08
2015-05-07,3870.92,3910.68994140625,98.98
2015-05-08,3874.9,3910.68994140625,99.08
2015-05-09,3866.94,3910.68994140625,98.88
2015-05-10,3858.99,3910.68994140625,98.68
2015-05-11,3855.01,3910.68994140625,98.58
2015-05-12,3847.06,3910.68994140625,98.37
2015-05-13,3862.96,3910.68994140625,98.78
2015-05-14,3855.01,3910.68994140625,98.58
2015-05-15,3858.99,3910.68994140625,98.68
2015-05-16,3858.99,3910.68994140625,98.68
2015-05-17,3866.94,3910.68994140625,98.88
2015-05-18,3866.94,3910.68994140625,98.88
2015-05-19,3866.94,3910.68994140625,98.88
2015-05-20,3874.9,3910.68994140625,99.08
2015-05-21,3866.94,3910.68994140625,98.88
2015-05-22,3874.9,3910.68994140625,99.08
2015-05-23,3878.87,3910.68994140625,99.19
2015-05-24,3890.8,3910.68994140625,99.49
2015-05-25,3886.83,3910.68994140625,99.39
2015-05-26,3894.78,3910.68994140625,99.59
2015-05-27,3894.78,3910.68994140625,99.59
2015-05-28,3894.78,3910.68994140625,99.59
2015-05-29,3894.78,3910.68994140625,99.59
2015-05-30,3890.8,3910.68994140625,99.49
2015-05-31,3894.78,3910.68994140625,99.59
2015-06-01,3894.78,3910.68994140625,99.59
2015-06-02,3894.78,3910.68994140625,99.59
2015-06-03,3894.78,3910.68994140625,99.59
2015-06-04,3894.78,3910.68994140625,99.59
2015-06-05,3890.8,3910.68994140625,99.49
2015-06-06,3890.8,3910.68994140625,99.49
2015-06-07,3894.78,3910.68994140625,99.59
2015-06-08,3898.76,3910.68994140625,99.69
2015-06-09,3898.76,3910.68994140625,99.69
2015-06-10,3898.76,3910.68994140625,99.69
2015-06-11,3902.73,3910.68994140625,99.8
2015-06-12,3902.73,3910.68994140625,99.8
2015-06-13,3902.73,3910.68994140625,99.8
2015-06-14,3906.71,3910.68994140625,99.9
2015-06-15,3910.69,3910.68994140625,100.0
2015-06-16,3914.67,3910.68994140625,100.1
2015-06-17,3918.64,3910.68994140625,100.2
2015-06-18,3918.64,3910.68994140625,100.2
2015-06-19,3926.6,3910.68994140625,100.41
2015-06-20,3938.53,3910.68994140625,100.71
2015-06-21,3942.5,3910.68994140625,100.81
2015-06-22,3958.41,3910.68994140625,101.22
2015-06-23,3962.39,3910.68994140625,101.32
2015-06-24,3966.37,3910.68994140625,101.42
2015-06-25,3970.34,3910.68994140625,101.53
2015-06-26,3974.32,3910.68994140625,101.63
2015-06-27,3974.32,3910.68994140625,101.63
2015-06-28,3974.32,3910.68994140625,101.63
2015-06-29,3970.34,3910.68994140625,101.53
2015-06-30,3978.3,3910.68994140625,101.73
2015-07-01,3982.27,3910.68994140625,101.83
2015-07-02,3982.27,3910.68994140625,101.83
2015-07-03,3978.3,3910.68994140625,101.73
2015-07-04,3974.32,3910.68994140625,101.63
2015-07-05,3970.34,3910.68994140625,101.53
2015-07-06,3962.39,3910.68994140625,101.32
2015-07-07,3958.41,3910.68994140625,101.22
2015-07-08,3954.44,3910.68994140625,101.12
2015-07-09,3950.46,3910.68994140625,101.02
2015-07-10,3942.5,3910.68994140625,100.81
2015-07-11,3942.5,3910.68994140625,100.81
2015-07-12,3934.55,3910.68994140625,100.61
2015-07-13,3922.62,3910.68994140625,100.31
2015-07-14,3918.64,3910.68994140625,100.2
2015-07-15,3910.69,3910.68994140625,100.0
2015-07-16,3906.71,3910.68994140625,99.9
2015-07-17,3902.73,3910.68994140625,99.8
2015-07-18,3894.78,3910.68994140625,99.59
2015-07-19,3882.85,3910.68994140625,99.29
2015-07-20,3878.87,3910.68994140625,99.19
2015-07-21,3878.87,3910.68994140625,99.19
2015-07-22,3878.87,3910.68994140625,99.19
2015-07-23,3874.9,3910.68994140625,99.08
2015-07-24,3874.9,3910.68994140625,99.08
2015-07-25,3870.9,3910.68994140625,98.98
2015-07-26,3870.9,3910.68994140625,98.98
2015-07-27,3870.9,3910.68994140625,98.98
2015-07-28,3862.96,3910.68994140625,98.78
2015-07-29,3858.99,3910.68994140625,98.68
2015-07-30,3862.96,3910.68994140625,98.78
2015-07-31,3862.96,3910.68994140625,98.78
2015-08-01,3862.96,3910.68994140625,98.78
2015-08-02,3866.94,3910.68994140625,98.88
2015-08-03,3862.96,3910.68994140625,98.78
2015-08-04,3862.96,3910.68994140625,98.78
2015-08-05,3858.99,3910.68994140625,98.68
2015-08-06,3858.99,3910.68994140625,98.68
2015-08-07,3851.03,3910.68994140625,98.47
2015-08-08,3851.03,3910.68994140625,98.47
2015-08-09,3851.03,3910.68994140625,98.47
2015-08-10,3847.06,3910.68994140625,98.37
2015-08-11,3851.03,3910.68994140625,98.47
2015-08-12,3847.06,3910.68994140625,98.37
2015-08-13,3843.08,3910.68994140625,98.27
2015-08-14,3839.1,3910.68994140625,98.17
2015-08-15,3839.1,3910.68994140625,98.17
2015-08-16,3839.1,3910.68994140625,98.17
2015-08-17,3831.14,3910.68994140625,97.97
2015-08-18,3831.14,3910.68994140625,97.97
2015-08-19,3827.17,3910.68994140625,97.86
2015-08-20,3827.17,3910.68994140625,97.86
2015-08-21,3819.22,3910.68994140625,97.66
2015-08-22,3827.17,3910.68994140625,97.86
2015-08-23,3827.17,3910.68994140625,97.86
2015-08-24,3823.19,3910.68994140625,97.76
2015-08-25,3819.22,3910.68994140625,97.66
2015-08-26,3819.22,3910.68994140625,97.66
2015-08-27,3819.22,3910.68994140625,97.66
2015-08-28,3815.24,3910.68994140625,97.56
2015-08-29,3811.26,3910.68994140625,97.46
2015-08-30,3811.26,3910.68994140625,97.46
2015-08-31,3807.29,3910.68994140625,97.36
2015-09-01,3807.29,3910.68994140625,97.36
2015-09-02,3803.31,3910.68994140625,97.25
2015-09-03,3807.29,3910.68994140625,97.36
2015-09-04,3807.29,3910.68994140625,97.36
2015-09-05,3803.31,3910.68994140625,97.25
2015-09-06,3799.32,3910.68994140625,97.15
2015-09-07,3795.35,3910.68994140625,97.05
2015-09-08,3799.32,3910.68994140625,97.15
2015-09-09,3795.35,3910.68994140625,97.05
2015-09-10,3791.38,3910.68994140625,96.95
2015-09-11,3787.4,3910.68994140625,96.85
2015-09-12,3795.35,3910.68994140625,97.05
2015-09-13,3795.35,3910.68994140625,97.05
2015-09-14,3815.24,3910.68994140625,97.56
2015-09-15,3823.19,3910.68994140625,97.76
2015-09-16,3835.13,3910.68994140625,98.07
2015-09-17,3835.13,3910.68994140625,98.07
2015-09-18,3839.1,3910.68994140625,98.17
2015-09-19,3843.08,3910.68994140625,98.27
2015-09-20,3847.06,3910.68994140625,98.37
2015-09-21,3851.03,3910.68994140625,98.47
2015-09-22,3855.01,3910.68994140625,98.58
2015-09-23,3858.99,3910.68994140625,98.68
2015-09-24,3862.96,3910.68994140625,98.78
2015-09-25,3866.94,3910.68994140625,98.88
2015-09-26,3862.96,3910.68994140625,98.78
2015-09-27,3862.96,3910.68994140625,98.78
2015-09-28,3858.99,3910.68994140625,98.68
2015-09-29,3855.01,3910.68994140625,98.58
2015-09-30,3862.96,3910.68994140625,98.78
2015-10-01,3862.96,3910.68994140625,98.78
2015-10-02,3862.96,3910.68994140625,98.78
2015-10-03,3858.99,3910.68994140625,98.68
2015-10-04,3858.99,3910.68994140625,98.68
2015-10-05,3858.99,3910.68994140625,98.68
2015-10-06,3855.01,3910.68994140625,98.58
2015-10-07,3855.01,3910.68994140625,98.58
2015-10-08,3858.99,3910.68994140625,98.68
2015-10-09,3862.96,3910.68994140625,98.78
2015-10-10,3870.92,3910.68994140625,98.98
2015-10-11,3874.9,3910.68994140625,99.08
2015-10-12,3874.9,3910.68994140625,99.08
2015-10-13,3878.87,3910.68994140625,99.19
2015-10-14,3878.87,3910.68994140625,99.19
2015-10-15,3882.85,3910.68994140625,99.29
2015-10-16,3886.83,3910.68994140625,99.39
2015-10-17,3882.85,3910.68994140625,99.29
2015-10-18,3886.83,3910.68994140625,99.39
2015-10-19,3890.8,3910.68994140625,99.49
2015-10-20,3890.8,3910.68994140625,99.49
2015-10-21,3890.8,3910.68994140625,99.49
2015-10-22,3894.78,3910.68994140625,99.59
2015-10-23,3894.78,3910.68994140625,99.59
2015-10-24,3902.73,3910.68994140625,99.8
2015-10-25,3922.62,3910.68994140625,100.31
2015-10-26,3922.62,3910.68994140625,100.31
2015-10-27,3922.62,3910.68994140625,100.31
2015-10-28,3918.64,3910.68994140625,100.2
2015-10-29,3918.64,3910.68994140625,100.2
2015-10-30,3914.67,3910.68994140625,100.1
2015-10-31,3914.67,3910.68994140625,100.1
2015-11-01,3910.69,3910.68994140625,100.0
2015-11-02,3910.69,3910.68994140625,100.0
2015-11-03,3906.71,3910.68994140625,99.9
2015-11-04,3902.73,3910.68994140625,99.8
2015-11-05,3902.73,3910.68994140625,99.8
2015-11-06,3898.76,3910.68994140625,99.69
2015-11-07,3898.76,3910.68994140625,99.69
2015-11-08,3894.78,3910.68994140625,99.59
2015-11-09,3894.78,3910.68994140625,99.59
2015-11-10,3886.83,3910.68994140625,99.39
2015-11-11,3886.83,3910.68994140625,99.39
2015-11-12,3886.83,3910.68994140625,99.39
2015-11-13,3886.83,3910.68994140625,99.39
2015-11-14,3898.76,3910.68994140625,99.69
2015-11-15,3902.73,3910.68994140625,99.8
2015-11-16,3898.76,3910.68994140625,99.69
2015-11-17,3898.76,3910.68994140625,99.69
2015-11-18,3902.73,3910.68994140625,99.8
2015-11-19,3902.73,3910.68994140625,99.8
2015-11-20,3902.73,3910.68994140625,99.8
2015-11-21,3906.71,3910.68994140625,99.9
2015-11-22,3902.73,3910.68994140625,99.8
2015-11-23,3898.76,3910.68994140625,99.69
2015-11-24,3894.78,3910.68994140625,99.59
2015-11-25,3898.76,3910.68994140625,99.69
2015-11-26,3898.76,3910.68994140625,99.69
2015-11-27,3902.73,3910.68994140625,99.8
2015-11-28,3902.73,3910.68994140625,99.8
2015-11-29,3894.78,3910.68994140625,99.59
2015-11-30,3902.73,3910.68994140625,99.8
2015-12-01,3898.76,3910.68994140625,99.69
2015-12-02,3902.73,3910.68994140625,99.8
2015-12-03,3894.78,3910.68994140625,99.59
2015-12-04,3898.76,3910.68994140625,99.69
2015-12-05,3898.76,3910.68994140625,99.69
2015-12-06,3898.76,3910.68994140625,99.69
2015-12-07,3898.76,3910.68994140625,99.69
2015-12-08,3898.76,3910.68994140625,99.69
2015-12-09,3898.76,3910.68994140625,99.69
2015-12-10,3898.76,3910.68994140625,99.69
2015-12-11,3894.78,3910.68994140625,99.59
2015-12-12,3898.76,3910.68994140625,99.69
2015-12-13,3898.76,3910.68994140625,99.69
2015-12-14,3898.76,3910.68994140625,99.69
2015-12-15,3898.76,3910.68994140625,99.69
2015-12-16,3898.76,3910.68994140625,99.69
2015-12-17,3898.76,3910.68994140625,99.69
2015-12-18,3898.76,3910.68994140625,99.69
2015-12-19,3894.78,3910.68994140625,99.59
2015-12-20,3894.78,3910.68994140625,99.59
2015-12-21,3894.78,3910.68994140625,99.59
2015-12-22,3894.78,3910.68994140625,99.59
2015-12-23,3882.85,3910.68994140625,99.29
2015-12-24,3894.78,3910.68994140625,99.59
2015-12-25,3890.803,3910.68994140625,99.49
2015-12-26,3886.826,3910.68994140625,99.39
2015-12-27,3886.826,3910.68994140625,99.39
2015-12-28,3886.826,3910.68994140625,99.39
2015-12-29,3882.85,3910.68994140625,99.29
2015-12-30,3878.87,3910.68994140625,99.19
2015-12-31,3878.87,3910.68994140625,99.19
2016-01-01,3870.92,3910.68994140625,98.98
2016-01-02,3866.94,3910.68994140625,98.88
2016-01-03,3862.96,3910.68994140625,98.78
2016-01-04,3866.94,3910.68994140625,98.88
2016-01-05,3862.96,3910.68994140625,98.78
2016-01-06,3858.99,3910.68994140625,98.68
2016-01-07,3851.03,3910.68994140625,98.47
2016-01-08,3851.03,3910.68994140625,98.47
2016-01-09,3851.03,3910.68994140625,98.47
2016-01-10,3847.06,3910.68994140625,98.37
2016-01-11,3839.1,3910.68994140625,98.17
2016-01-12,3839.1,3910.68994140625,98.17
2016-01-13,3839.1,3910.68994140625,98.17
2016-01-14,3839.1,3910.68994140625,98.17
2016-01-15,3835.13,3910.68994140625,98.07
2016-01-16,3835.13,3910.68994140625,98.07
2016-01-17,3831.15,3910.68994140625,97.97
2016-01-18,3823.19,3910.68994140625,97.76
2016-01-19,3827.17,3910.68994140625,97.86
2016-01-20,3823.19,3910.68994140625,97.76
2016-01-21,3819.22,3910.68994140625,97.66
2016-01-22,3819.22,3910.68994140625,97.66
2016-01-23,3819.22,3910.68994140625,97.66
2016-01-24,3815.24,3910.68994140625,97.56
2016-01-25,3815.24,3910.68994140625,97.56
2016-01-26,3819.22,3910.68994140625,97.66
2016-01-27,3815.24,3910.68994140625,97.56
2016-01-28,3819.22,3910.68994140625,97.66
2016-01-29,3819.22,3910.68994140625,97.66
2016-01-30,3819.22,3910.68994140625,97.66
2016-01-31,3819.22,3910.68994140625,97.66
2016-02-01,3815.24,3910.68994140625,97.56
2016-02-02,3819.22,3910.68994140625,97.66
2016-02-03,3815.24,3910.68994140625,97.56
2016-02-04,3811.26,3910.68994140625,97.46
2016-02-05,3811.26,3910.68994140625,97.46
2016-02-06,3807.29,3910.68994140625,97.36
2016-02-07,3807.29,3910.68994140625,97.36
2016-02-08,3807.29,3910.68994140625,97.36
2016-02-09,3807.29,3910.68994140625,97.36
2016-02-10,3803.31,3910.68994140625,97.25
2016-02-11,3799.32,3910.68994140625,97.15
2016-02-12,3799.32,3910.68994140625,97.15
2016-02-13,3799.32,3910.68994140625,97.15
2016-02-14,3799.32,3910.68994140625,97.15
2016-02-15,3799.32,3910.68994140625,97.15
2016-02-16,3799.32,3910.68994140625,97.15
2016-02-17,3791.38,3910.68994140625,96.95
2016-02-18,3795.35,3910.68994140625,97.05
2016-02-19,3795.35,3910.68994140625,97.05
2016-02-20,3791.38,3910.68994140625,96.95
2016-02-21,3795.35,3910.68994140625,97.05
2016-02-22,3795.35,3910.68994140625,97.05
2016-02-23,3787.4,3910.68994140625,96.85
2016-02-24,3787.4,3910.68994140625,96.85
2016-02-25,3783.42,3910.68994140625,96.75
2016-02-26,3779.45,3910.68994140625,96.64
2016-02-27,3775.47,3910.68994140625,96.54
2016-02-28,3775.47,3910.68994140625,96.54
2016-02-29,3767.52,3910.68994140625,96.34
2016-03-01,3767.52,3910.68994140625,96.34
2016-03-02,3759.56,3910.68994140625,96.14
2016-03-03,3755.58,3910.68994140625,96.03
2016-03-04,3751.608,3910.68994140625,95.93
2016-03-05,3751.61,3910.68994140625,95.93
2016-03-06,3743.65,3910.68994140625,95.73
2016-03-07,3739.677,3910.68994140625,95.63
2016-03-08,3735.7,3910.68994140625,95.53
2016-03-09,3739.677,3910.68994140625,95.63
2016-03-10,3735.7,3910.68994140625,95.53
2016-03-11,3735.7,3910.68994140625,95.53
2016-03-12,3728.28,3910.68994140625,95.34
2016-03-13,3728.28,3910.68994140625,95.34
2016-03-14,3728.28,3910.68994140625,95.34
2016-03-15,3728.28,3910.68994140625,95.34
2016-03-16,3724.57,3910.68994140625,95.24
2016-03-17,3720.86,3910.68994140625,95.15
2016-03-18,3724.57,3910.68994140625,95.24
2016-03-19,3720.86,3910.68994140625,95.15
2016-03-20,3724.57,3910.68994140625,95.24
2016-03-21,3713.43,3910.68994140625,94.96
2016-03-22,3713.43,3910.68994140625,94.96
2016-03-23,3709.72,3910.68994140625,94.86
2016-03-24,3702.3,3910.68994140625,94.67
2016-03-25,3702.3,3910.68994140625,94.67
2016-03-26,3698.59,3910.68994140625,94.58
2016-03-27,3698.59,3910.68994140625,94.58
2016-03-28,3698.59,3910.68994140625,94.58
2016-03-29,3691.17,3910.68994140625,94.39
2016-03-30,3691.17,3910.68994140625,94.39
2016-03-31,3680.035,3910.68994140625,94.1
2016-04-01,3676.324,3910.68994140625,94.01
2016-04-02,3676.324,3910.68994140625,94.01
2016-04-03,3668.9,3910.68994140625,93.82
2016-04-04,3661.48,3910.68994140625,93.63
2016-04-05,3650.35,3910.68994140625,93.34
2016-04-06,3646.64,3910.68994140625,93.25
2016-04-07,3639.21,3910.68994140625,93.06
2016-04-08,3628.08,3910.68994140625,92.77
2016-04-09,3628.08,3910.68994140625,92.77
2016-04-10,3620.66,3910.68994140625,92.58
2016-04-11,3609.53,3910.68994140625,92.3
2016-04-12,3609.53,3910.68994140625,92.3
2016-04-13,3602.1,3910.68994140625,92.11
2016-04-14,3598.39,3910.68994140625,92.01
2016-04-15,3594.68,3910.68994140625,91.92
2016-04-16,3590.97,3910.68994140625,91.82
2016-04-17,3579.84,3910.68994140625,91.54
2016-04-18,3572.42,3910.68994140625,91.35
2016-04-19,3587.26,3910.68994140625,91.73
2016-04-20,3583.55,3910.68994140625,91.63
2016-04-21,3587.26,3910.68994140625,91.73
2016-04-22,3587.26,3910.68994140625,91.73
2016-04-23,3583.55,3910.68994140625,91.63
2016-04-24,3579.84,3910.68994140625,91.54
2016-04-25,3579.84,3910.68994140625,91.54
2016-04-26,3576.13,3910.68994140625,91.44
2016-04-27,3576.13,3910.68994140625,91.44
2016-04-28,3572.42,3910.68994140625,91.35
2016-04-29,3564.99,3910.68994140625,91.16
2016-04-30,3561.28,3910.68994140625,91.07
2016-05-01,3557.57,3910.68994140625,90.97
2016-05-02,3553.86,3910.68994140625,90.88
2016-05-03,3550.15,3910.68994140625,90.78
2016-05-04,3539.02,3910.68994140625,90.5
2016-05-05,3531.59,3910.68994140625,90.31
2016-05-06,3524.17,3910.68994140625,90.12
2016-05-07,3520.46,3910.68994140625,90.02
2016-05-08,3513.04,3910.68994140625,89.83
2016-05-09,3509.33,3910.68994140625,89.74
2016-05-10,3501.907,3910.68994140625,89.55
2016-05-11,3498.196,3910.68994140625,89.45
2016-05-12,3490.77,3910.68994140625,89.26
2016-05-13,3487.06,3910.68994140625,89.17
2016-05-14,3479.64,3910.68994140625,88.98
2016-05-15,3483.35,3910.68994140625,89.07
2016-05-16,3483.35,3910.68994140625,89.07
2016-05-17,3483.35,3910.68994140625,89.07
2016-05-18,3483.35,3910.68994140625,89.07
2016-05-19,3494.49,3910.68994140625,89.36
2016-05-20,3509.33,3910.68994140625,89.74
2016-05-21,3513.04,3910.68994140625,89.83
2016-05-22,3513.04,3910.68994140625,89.83
2016-05-23,3516.75,3910.68994140625,89.93
2016-05-24,3513.04,3910.68994140625,89.83
2016-05-25,3513.04,3910.68994140625,89.83
2016-05-26,3520.46,3910.68994140625,90.02
2016-05-27,3516.75,3910.68994140625,89.93
2016-05-28,3513.04,3910.68994140625,89.83
2016-05-29,3513.04,3910.68994140625,89.83
2016-05-30,3516.75,3910.68994140625,89.93
2016-05-31,3516.75,3910.68994140625,89.93
2016-06-01,3513.04,3910.68994140625,89.83
2016-06-02,3542.728,3910.68994140625,90.59
2016-06-03,3539.02,3910.68994140625,90.5
2016-06-04,3539.02,3910.68994140625,90.5
2016-06-05,3546.44,3910.68994140625,90.69
2016-06-06,3550.15,3910.68994140625,90.78
2016-06-07,3553.86,3910.68994140625,90.88
2016-06-08,3557.57,3910.68994140625,90.97
2016-06-09,3557.57,3910.68994140625,90.97
2016-06-10,3557.57,3910.68994140625,90.97
2016-06-11,3553.86,3910.68994140625,90.88
2016-06-12,3550.15,3910.68994140625,90.78
2016-06-13,3553.86,3910.68994140625,90.88
2016-06-14,3546.44,3910.68994140625,90.69
2016-06-15,3550.15,3910.68994140625,90.78
2016-06-16,3550.15,3910.68994140625,90.78
2016-06-17,3546.44,3910.68994140625,90.69
2016-06-18,3546.44,3910.68994140625,90.69
2016-06-19,3546.44,3910.68994140625,90.69
2016-06-20,3550.15,3910.68994140625,90.78
2016-06-21,3557.57,3910.68994140625,90.97
2016-06-22,3557.57,3910.68994140625,90.97
2016-06-23,3557.57,3910.68994140625,90.97
2016-06-24,3553.86,3910.68994140625,90.88
2016-06-25,3557.57,3910.68994140625,90.97
2016-06-26,3553.86,3910.68994140625,90.88
2016-06-27,3557.57,3910.68994140625,90.97
2016-06-28,3561.28,3910.68994140625,91.07
2016-06-29,3557.57,3910.68994140625,90.97
2016-06-30,3557.57,3910.68994140625,90.97
2016-07-01,3557.57,3910.68994140625,90.97
2016-07-02,3557.57,3910.68994140625,90.97
2016-07-03,3557.57,3910.68994140625,90.97
2016-07-04,3557.57,3910.68994140625,90.97
2016-07-05,3557.57,3910.68994140625,90.97
2016-07-06,3550.15,3910.68994140625,90.78
2016-07-07,3542.73,3910.68994140625,90.59
2016-07-08,3542.73,3910.68994140625,90.59
2016-07-09,3542.73,3910.68994140625,90.59
2016-07-10,3539.02,3910.68994140625,90.5
2016-07-11,3535.31,3910.68994140625,90.4
2016-07-12,3531.595,3910.68994140625,90.31
2016-07-13,3531.595,3910.68994140625,90.31
2016-07-14,3527.884,3910.68994140625,90.21
2016-07-15,3524.17,3910.68994140625,90.12
2016-07-16,3520.46,3910.68994140625,90.02
2016-07-17,3516.75,3910.68994140625,89.93
2016-07-18,3513.04,3910.68994140625,89.83
2016-07-19,3513.04,3910.68994140625,89.83
2016-07-20,3516.75,3910.68994140625,89.93
2016-07-21,3513.04,3910.68994140625,89.83
2016-07-22,3516.75,3910.68994140625,89.93
2016-07-23,3513.04,3910.68994140625,89.83
2016-07-24,3509.33,3910.68994140625,89.74
2016-07-25,3509.33,3910.68994140625,89.74
2016-07-26,3509.33,3910.68994140625,89.74
2016-07-27,3505.62,3910.68994140625,89.64
2016-07-28,3505.62,3910.68994140625,89.64
2016-07-29,3501.91,3910.68994140625,89.55
2016-07-30,3498.2,3910.68994140625,89.45
2016-07-31,3498.2,3910.68994140625,89.45
2016-08-01,3494.49,3910.68994140625,89.36
2016-08-02,3490.77,3910.68994140625,89.26
2016-08-03,3487.063,3910.68994140625,89.17
2016-08-04,3487.063,3910.68994140625,89.17
2016-08-05,3483.35,3910.68994140625,89.07
2016-08-06,3483.35,3910.68994140625,89.07
2016-08-07,3487.06,3910.68994140625,89.17
2016-08-08,3479.64,3910.68994140625,88.98
2016-08-09,3479.64,3910.68994140625,88.98
2016-08-10,3479.64,3910.68994140625,88.98
2016-08-11,3475.93,3910.68994140625,88.88
2016-08-12,3472.22,3910.68994140625,88.79
2016-08-13,3468.51,3910.68994140625,88.69
2016-08-14,3464.8,3910.68994140625,88.6
2016-08-15,3468.51,3910.68994140625,88.69
2016-08-16,3464.8,3910.68994140625,88.6
2016-08-17,3464.8,3910.68994140625,88.6
2016-08-18,3468.51,3910.68994140625,88.69
2016-08-19,3468.51,3910.68994140625,88.69
2016-08-20,3464.8,3910.68994140625,88.6
2016-08-21,3464.8,3910.68994140625,88.6
2016-08-22,3464.8,3910.68994140625,88.6
2016-08-23,3464.8,3910.68994140625,88.6
2016-08-24,3464.8,3910.68994140625,88.6
2016-08-25,3464.8,3910.68994140625,88.6
2016-08-26,3464.8,3910.68994140625,88.6
2016-08-27,3464.8,3910.68994140625,88.6
2016-08-28,3461.09,3910.68994140625,88.5
2016-08-29,3457.38,3910.68994140625,88.41
2016-08-30,3461.09,3910.68994140625,88.5
2016-08-31,3464.8,3910.68994140625,88.6
2016-09-01,3468.51,3910.68994140625,88.69
2016-09-02,3475.93,3910.68994140625,88.88
2016-09-03,3483.35,3910.68994140625,89.07
2016-09-04,3487.06,3910.68994140625,89.17
2016-09-05,3490.77,3910.68994140625,89.26
2016-09-06,3498.2,3910.68994140625,89.45
2016-09-07,3494.49,3910.68994140625,89.36
2016-09-08,3498.2,3910.68994140625,89.45
2016-09-09,3498.2,3910.68994140625,89.45
2016-09-10,3498.2,3910.68994140625,89.45
2016-09-11,3501.91,3910.68994140625,89.55
2016-09-12,3501.91,3910.68994140625,89.55
2016-09-13,3501.91,3910.68994140625,89.55
2016-09-14,3505.618,3910.68994140625,89.64
2016-09-15,3505.618,3910.68994140625,89.64
2016-09-16,3501.91,3910.68994140625,89.55
2016-09-17,3505.62,3910.68994140625,89.64
2016-09-18,3505.62,3910.68994140625,89.64
2016-09-19,3505.62,3910.68994140625,89.64
2016-09-20,3505.62,3910.68994140625,89.64
2016-09-21,3505.62,3910.68994140625,89.64
2016-09-22,3501.91,3910.68994140625,89.55
2016-09-23,3501.91,3910.68994140625,89.55
2016-09-24,3498.2,3910.68994140625,89.45
2016-09-25,3498.2,3910.68994140625,89.45
2016-09-26,3494.49,3910.68994140625,89.36
2016-09-27,3501.91,3910.68994140625,89.55
2016-09-28,3501.91,3910.68994140625,89.55
2016-09-29,3505.62,3910.68994140625,89.64
2016-09-30,3513.04,3910.68994140625,89.83
2016-10-01,3516.75,3910.68994140625,89.93
2016-10-02,3531.59,3910.68994140625,90.31
2016-10-03,3535.31,3910.68994140625,90.4
2016-10-04,3539.02,3910.68994140625,90.5
2016-10-05,3550.15,3910.68994140625,90.78
2016-10-06,3553.86,3910.68994140625,90.88
2016-10-07,3557.57,3910.68994140625,90.97
2016-10-08,3579.84,3910.68994140625,91.54
2016-10-09,3590.97,3910.68994140625,91.82
2016-10-10,3616.95,3910.68994140625,92.49
2016-10-11,3635.5,3910.68994140625,92.96
2016-10-12,3642.93,3910.68994140625,93.15
2016-10-13,3650.35,3910.68994140625,93.34
2016-10-14,3654.06,3910.68994140625,93.44
2016-10-15,3657.77,3910.68994140625,93.53
2016-10-16,3661.48,3910.68994140625,93.63
2016-10-17,3661.48,3910.68994140625,93.63
2016-10-18,3661.48,3910.68994140625,93.63
2016-10-19,3661.48,3910.68994140625,93.63
2016-10-20,3668.9,3910.68994140625,93.82
2016-10-21,3668.9,3910.68994140625,93.82
2016-10-22,3668.9,3910.68994140625,93.82
2016-10-23,3668.9,3910.68994140625,93.82
2016-10-24,3672.61,3910.68994140625,93.91
2016-10-25,3672.61,3910.68994140625,93.91
2016-10-26,3676.324,3910.68994140625,94.01
2016-10-27,3680.03,3910.68994140625,94.1
2016-10-28,3683.746,3910.68994140625,94.2
2016-10-29,3683.746,3910.68994140625,94.2
2016-10-30,3683.746,3910.68994140625,94.2
2016-10-31,3683.746,3910.68994140625,94.2
2016-11-01,3683.746,3910.68994140625,94.2
2016-11-02,3683.746,3910.68994140625,94.2
2016-11-03,3687.46,3910.68994140625,94.29
2016-11-04,3683.75,3910.68994140625,94.2
2016-11-05,3691.17,3910.68994140625,94.39
2016-11-06,3691.17,3910.68994140625,94.39
2016-11-07,3694.88,3910.68994140625,94.48
2016-11-08,3698.59,3910.68994140625,94.58
2016-11-09,3706.01,3910.68994140625,94.77
2016-11-10,3706.01,3910.68994140625,94.77
2016-11-11,3709.72,3910.68994140625,94.86
2016-11-12,3713.43,3910.68994140625,94.96
2016-11-13,3713.43,3910.68994140625,94.96
2016-11-14,3713.43,3910.68994140625,94.96
2016-11-15,3724.567,3910.68994140625,95.24
2016-11-16,3724.567,3910.68994140625,95.24
2016-11-17,3724.567,3910.68994140625,95.24
2016-11-18,3728.28,3910.68994140625,95.34
2016-11-19,3731.99,3910.68994140625,95.43
2016-11-20,3731.99,3910.68994140625,95.43
2016-11-21,3728.28,3910.68994140625,95.34
2016-11-22,3731.99,3910.68994140625,95.43
2016-11-23,3731.99,3910.68994140625,95.43
2016-11-24,3728.28,3910.68994140625,95.34
2016-11-25,3735.7,3910.68994140625,95.53
2016-11-26,3735.7,3910.68994140625,95.53
2016-11-27,3739.68,3910.68994140625,95.63
2016-11-28,3735.7,3910.68994140625,95.53
2016-11-29,3735.7,3910.68994140625,95.53
2016-11-30,3739.68,3910.68994140625,95.63
2016-12-01,3739.68,3910.68994140625,95.63
2016-12-02,3739.68,3910.68994140625,95.63
2016-12-03,3739.68,3910.68994140625,95.63
2016-12-04,3735.7,3910.68994140625,95.53
2016-12-05,3735.7,3910.68994140625,95.53
2016-12-06,3735.7,3910.68994140625,95.53
2016-12-07,3735.7,3910.68994140625,95.53
2016-12-08,3735.7,3910.68994140625,95.53
2016-12-09,3731.99,3910.68994140625,95.43
2016-12-10,3728.28,3910.68994140625,95.34
2016-12-11,3728.28,3910.68994140625,95.34
2016-12-12,3731.99,3910.68994140625,95.43
2016-12-13,3731.99,3910.68994140625,95.43
2016-12-14,3731.99,3910.68994140625,95.43
2016-12-15,3731.99,3910.68994140625,95.43
2016-12-16,3731.99,3910.68994140625,95.43
2016-12-17,3728.28,3910.68994140625,95.34
2016-12-18,3724.57,3910.68994140625,95.24
2016-12-19,3717.15,3910.68994140625,95.05
2016-12-20,3713.43,3910.68994140625,94.96
2016-12-21,3709.72,3910.68994140625,94.86
2016-12-22,3706.01,3910.68994140625,94.77
2016-12-23,3702.3,3910.68994140625,94.67
2016-12-24,3698.59,3910.68994140625,94.58
2016-12-25,3694.88,3910.68994140625,94.48
2016-12-26,3691.17,3910.68994140625,94.39
2016-12-27,3691.17,3910.68994140625,94.39
2016-12-28,3691.17,3910.68994140625,94.39
2016-12-29,3680.03,3910.68994140625,94.1
2016-12-30,3680.03,3910.68994140625,94.1
2016-12-31,3672.613,3910.68994140625,93.91
2017-01-01,3668.9,3910.68994140625,93.82
2017-01-02,3665.19,3910.68994140625,93.72
2017-01-03,3665.19,3910.68994140625,93.72
2017-01-04,3661.48,3910.68994140625,93.63
2017-01-05,3654.06,3910.68994140625,93.44
2017-01-06,3654.06,3910.68994140625,93.44
2017-01-07,3639.21,3910.68994140625,93.06
2017-01-08,3639.21,3910.68994140625,93.06
2017-01-09,3631.792,3910.68994140625,92.87
2017-01-10,3624.37,3910.68994140625,92.68
2017-01-11,3620.66,3910.68994140625,92.58
2017-01-12,3616.948,3910.68994140625,92.49
2017-01-13,3613.237,3910.68994140625,92.39
2017-01-14,3609.53,3910.68994140625,92.3
2017-01-15,3602.1,3910.68994140625,92.11
2017-01-16,3602.1,3910.68994140625,92.11
2017-01-17,3598.39,3910.68994140625,92.01
2017-01-18,3594.68,3910.68994140625,91.92
2017-01-19,3590.971,3910.68994140625,91.82
2017-01-20,3579.84,3910.68994140625,91.54
2017-01-21,3579.84,3910.68994140625,91.54
2017-01-22,3572.42,3910.68994140625,91.35
2017-01-23,3572.42,3910.68994140625,91.35
2017-01-24,3568.71,3910.68994140625,91.26
2017-01-25,3561.28,3910.68994140625,91.07
2017-01-26,3557.57,3910.68994140625,90.97
2017-01-27,3553.86,3910.68994140625,90.88
2017-01-28,3546.44,3910.68994140625,90.69
2017-01-29,3546.44,3910.68994140625,90.69
2017-01-30,3535.306,3910.68994140625,90.4
2017-01-31,3535.306,3910.68994140625,90.4
2017-02-01,3535.306,3910.68994140625,90.4
2017-02-02,3527.884,3910.68994140625,90.21
2017-02-03,3527.884,3910.68994140625,90.21
2017-02-04,3527.884,3910.68994140625,90.21
2017-02-05,3524.17,3910.68994140625,90.12
2017-02-06,3527.884,3910.68994140625,90.21
2017-02-07,3520.462,3910.68994140625,90.02
2017-02-08,3524.17,3910.68994140625,90.12
2017-02-09,3524.17,3910.68994140625,90.12
2017-02-10,3524.17,3910.68994140625,90.12
2017-02-11,3520.46,3910.68994140625,90.02
2017-02-12,3520.46,3910.68994140625,90.02
2017-02-13,3524.17,3910.68994140625,90.12
2017-02-14,3516.75,3910.68994140625,89.93
2017-02-15,3516.75,3910.68994140625,89.93
2017-02-16,3516.75,3910.68994140625,89.93
2017-02-17,3509.33,3910.68994140625,89.74
2017-02-18,3513.04,3910.68994140625,89.83
2017-02-19,3509.33,3910.68994140625,89.74
2017-02-20,3505.618,3910.68994140625,89.64
2017-02-21,3509.33,3910.68994140625,89.74
2017-02-22,3505.618,3910.68994140625,89.64
2017-02-23,3509.33,3910.68994140625,89.74
2017-02-24,3509.33,3910.68994140625,89.74
2017-02-25,3501.91,3910.68994140625,89.55
2017-02-26,3494.49,3910.68994140625,89.36
2017-02-27,3494.49,3910.68994140625,89.36
2017-02-28,3487.063,3910.68994140625,89.17
2017-03-01,3483.35,3910.68994140625,89.07
2017-03-02,3472.22,3910.68994140625,88.79
2017-03-03,3468.51,3910.68994140625,88.69
2017-03-04,3464.8,3910.68994140625,88.6
2017-03-05,3457.38,3910.68994140625,88.41
2017-03-06,3453.66,3910.68994140625,88.31
2017-03-07,3453.66,3910.68994140625,88.31
2017-03-08,3449.95,3910.68994140625,88.22
2017-03-09,3449.95,3910.68994140625,88.22
2017-03-10,3457.38,3910.68994140625,88.41
2017-03-11,3457.38,3910.68994140625,88.41
2017-03-12,3457.38,3910.68994140625,88.41
2017-03-13,3461.086,3910.68994140625,88.5
2017-03-14,3457.375,3910.68994140625,88.41
2017-03-15,3457.375,3910.68994140625,88.41
2017-03-16,3449.95,3910.68994140625,88.22
2017-03-17,3446.24,3910.68994140625,88.12
2017-03-18,3442.53,3910.68994140625,88.03
2017-03-19,3446.24,3910.68994140625,88.12
2017-03-20,3438.82,3910.68994140625,87.93
2017-03-21,3431.4,3910.68994140625,87.74
2017-03-22,3431.4,3910.68994140625,87.74
2017-03-23,3420.26,3910.68994140625,87.46
2017-03-24,3416.55,3910.68994140625,87.36
2017-03-25,3412.84,3910.68994140625,87.27
2017-03-26,3401.71,3910.68994140625,86.98
2017-03-27,3398.0,3910.68994140625,86.89
2017-03-28,3390.58,3910.68994140625,86.7
2017-03-29,3390.58,3910.68994140625,86.7
2017-03-30,3383.16,3910.68994140625,86.51
2017-03-31,3368.31,3910.68994140625,86.13
2017-04-01,3368.31,3910.68994140625,86.13
2017-04-02,3361.14,3910.68994140625,85.95
2017-04-03,3357.678,3910.68994140625,85.86
2017-04-04,3347.29,3910.68994140625,85.59
2017-04-05,3340.37,3910.68994140625,85.42
2017-04-06,3336.91,3910.68994140625,85.33
2017-04-07,3326.53,3910.68994140625,85.06
2017-04-08,3319.61,3910.68994140625,84.89
2017-04-09,3312.685,3910.68994140625,84.71
2017-04-10,3309.22,3910.68994140625,84.62
2017-04-11,3302.3,3910.68994140625,84.44
2017-04-12,3302.3,3910.68994140625,84.44
2017-04-13,3295.38,3910.68994140625,84.27
2017-04-14,3291.92,3910.68994140625,84.18
2017-04-15,3281.54,3910.68994140625,83.91
2017-04-16,3274.61,3910.68994140625,83.73
2017-04-17,3271.15,3910.68994140625,83.65
2017-04-18,3267.69,3910.68994140625,83.56
2017-04-19,3260.77,3910.68994140625,83.38
2017-04-20,3257.31,3910.68994140625,83.29
2017-04-21,3250.39,3910.68994140625,83.12
2017-04-22,3243.47,3910.68994140625,82.94
2017-04-23,3240.0,3910.68994140625,82.85
2017-04-24,3233.082,3910.68994140625,82.67
2017-04-25,3229.62,3910.68994140625,82.58
2017-04-26,3226.16,3910.68994140625,82.5
2017-04-27,3219.24,3910.68994140625,82.32
2017-04-28,3215.78,3910.68994140625,82.23
2017-04-29,3208.85,3910.68994140625,82.05
2017-04-30,3198.472,3910.68994140625,81.79
2017-05-01,3195.01,3910.68994140625,81.7
2017-05-02,3184.628,3910.68994140625,81.43
2017-05-03,3181.17,3910.68994140625,81.35
2017-05-04,3181.17,3910.68994140625,81.35
2017-05-05,3177.71,3910.68994140625,81.26
2017-05-06,3167.32,3910.68994140625,80.99
2017-05-07,3163.86,3910.68994140625,80.9
2017-05-08,3156.94,3910.68994140625,80.73
2017-05-09,3150.02,3910.68994140625,80.55
2017-05-10,3146.56,3910.68994140625,80.46
2017-05-11,3139.64,3910.68994140625,80.28
2017-05-12,3132.71,3910.68994140625,80.11
2017-05-13,3132.71,3910.68994140625,80.11
2017-05-14,3125.79,3910.68994140625,79.93
2017-05-15,3118.869,3910.68994140625,79.75
2017-05-16,3115.408,3910.68994140625,79.66
2017-05-17,3111.947,3910.68994140625,79.58
2017-05-18,3111.947,3910.68994140625,79.58
2017-05-19,3108.49,3910.68994140625,79.49
2017-05-20,3105.02,3910.68994140625,79.4
2017-05-21,3105.02,3910.68994140625,79.4
2017-05-22,3105.02,3910.68994140625,79.4
2017-05-23,3101.56,3910.68994140625,79.31
2017-05-24,3094.64,3910.68994140625,79.13
2017-05-25,3111.95,3910.68994140625,79.58
2017-05-26,3108.486,3910.68994140625,79.49
2017-05-27,3111.95,3910.68994140625,79.58
2017-05-28,3111.95,3910.68994140625,79.58
2017-05-29,3108.49,3910.68994140625,79.49
2017-05-30,3108.49,3910.68994140625,79.49
2017-05-31,3108.49,3910.68994140625,79.49
2017-06-01,3108.49,3910.68994140625,79.49
2017-06-02,3105.02,3910.68994140625,79.4
2017-06-03,3105.02,3910.68994140625,79.4
2017-06-04,3101.56,3910.68994140625,79.31
2017-06-05,3101.56,3910.68994140625,79.31
2017-06-06,3101.56,3910.68994140625,79.31
2017-06-07,3101.56,3910.68994140625,79.31
2017-06-08,3098.103,3910.68994140625,79.22
2017-06-09,3091.181,3910.68994140625,79.04
2017-06-10,3091.181,3910.68994140625,79.04
2017-06-11,3091.181,3910.68994140625,79.04
2017-06-12,3084.259,3910.68994140625,78.87
2017-06-13,3084.259,3910.68994140625,78.87
2017-06-14,3080.798,3910.68994140625,78.78
2017-06-15,3073.88,3910.68994140625,78.6
2017-06-16,3073.88,3910.68994140625,78.6
2017-06-17,3070.42,3910.68994140625,78.51
2017-06-18,3070.42,3910.68994140625,78.51
2017-06-19,3066.95,3910.68994140625,78.42
2017-06-20,3063.49,3910.68994140625,78.34
2017-06-21,3060.03,3910.68994140625,78.25
2017-06-22,3053.11,3910.68994140625,78.07
2017-06-23,3056.57,3910.68994140625,78.16
2017-06-24,3053.11,3910.68994140625,78.07
2017-06-25,3053.11,3910.68994140625,78.07
2017-06-26,3049.649,3910.68994140625,77.98
2017-06-27,3053.11,3910.68994140625,78.07
2017-06-28,3056.571,3910.68994140625,78.16
2017-06-29,3053.11,3910.68994140625,78.07
2017-06-30,3053.11,3910.68994140625,78.07
2017-07-01,3053.11,3910.68994140625,78.07
2017-07-02,3049.65,3910.68994140625,77.98
2017-07-03,3046.188,3910.68994140625,77.89
2017-07-04,3039.266,3910.68994140625,77.72
2017-07-05,3042.727,3910.68994140625,77.81
2017-07-06,3035.805,3910.68994140625,77.63
2017-07-07,3039.266,3910.68994140625,77.72
2017-07-08,3035.8,3910.68994140625,77.63
2017-07-09,3035.8,3910.68994140625,77.63
2017-07-10,3032.34,3910.68994140625,77.54
2017-07-11,3035.8,3910.68994140625,77.63
2017-07-12,3039.27,3910.68994140625,77.72
2017-07-13,3042.73,3910.68994140625,77.81
2017-07-14,3039.27,3910.68994140625,77.72
2017-07-15,3035.8,3910.68994140625,77.63
2017-07-16,3035.8,3910.68994140625,77.63
2017-07-17,3042.727,3910.68994140625,77.81
2017-07-18,3039.266,3910.68994140625,77.72
2017-07-19,3035.805,3910.68994140625,77.63
2017-07-20,3035.805,3910.68994140625,77.63
2017-07-21,3032.344,3910.68994140625,77.54
2017-07-22,3028.88,3910.68994140625,77.45
2017-07-23,3025.42,3910.68994140625,77.36
2017-07-24,3025.42,3910.68994140625,77.36
2017-07-25,3025.42,3910.68994140625,77.36
2017-07-26,3025.42,3910.68994140625,77.36
2017-07-27,3021.96,3910.68994140625,77.27
2017-07-28,3012.034,3910.68994140625,77.02
2017-07-29,3012.034,3910.68994140625,77.02
2017-07-30,3012.034,3910.68994140625,77.02
2017-07-31,3008.8,3910.68994140625,76.94
2017-08-01,3008.8,3910.68994140625,76.94
2017-08-02,3008.8,3910.68994140625,76.94
2017-08-03,3002.33,3910.68994140625,76.77
2017-08-04,3002.33,3910.68994140625,76.77
2017-08-05,3002.33,3910.68994140625,76.77
2017-08-06,2999.1,3910.68994140625,76.69
2017-08-07,2999.1,3910.68994140625,76.69
2017-08-08,2999.1,3910.68994140625,76.69
2017-08-09,2992.64,3910.68994140625,76.52
2017-08-10,2992.64,3910.68994140625,76.52
2017-08-11,2992.64,3910.68994140625,76.52
2017-08-12,2992.64,3910.68994140625,76.52
2017-08-13,2989.4,3910.68994140625,76.44
2017-08-14,2989.4,3910.68994140625,76.44
2017-08-15,2989.4,3910.68994140625,76.44
2017-08-16,2982.94,3910.68994140625,76.28
2017-08-17,2982.94,3910.68994140625,76.28
2017-08-18,2979.7,3910.68994140625,76.19
2017-08-19,2973.24,3910.68994140625,76.03
2017-08-20,2973.24,3910.68994140625,76.03
2017-08-21,2973.24,3910.68994140625,76.03
2017-08-22,2973.24,3910.68994140625,76.03
2017-08-23,2970.0,3910.68994140625,75.95
2017-08-24,2970.0,3910.68994140625,75.95
2017-08-25,2966.77,3910.68994140625,75.86
2017-08-26,2970.0,3910.68994140625,75.95
2017-08-27,2966.77,3910.68994140625,75.86
2017-08-28,2970.0,3910.68994140625,75.95
2017-08-29,2966.77,3910.68994140625,75.86
2017-08-30,2960.31,3910.68994140625,75.7
2017-08-31,2963.54,3910.68994140625,75.78
2017-09-01,2960.31,3910.68994140625,75.7
2017-09-02,2960.31,3910.68994140625,75.7
2017-09-03,2960.31,3910.68994140625,75.7
2017-09-04,2960.31,3910.68994140625,75.7
2017-09-05,2960.31,3910.68994140625,75.7
2017-09-06,2963.54,3910.68994140625,75.78
2017-09-07,2963.54,3910.68994140625,75.78
2017-09-08,2957.073,3910.68994140625,75.62
2017-09-09,2957.073,3910.68994140625,75.62
2017-09-10,2966.77,3910.68994140625,75.86
2017-09-11,2970.005,3910.68994140625,75.95
2017-09-12,2970.005,3910.68994140625,75.95
2017-09-13,2970.005,3910.68994140625,75.95
2017-09-14,2966.77,3910.68994140625,75.86
2017-09-15,2970.0,3910.68994140625,75.95
2017-09-16,2970.0,3910.68994140625,75.95
2017-09-17,2970.0,3910.68994140625,75.95
2017-09-18,2970.0,3910.68994140625,75.95
2017-09-19,2970.0,3910.68994140625,75.95
2017-09-20,2970.0,3910.68994140625,75.95
2017-09-21,2970.0,3910.68994140625,75.95
2017-09-22,2963.54,3910.68994140625,75.78
2017-09-23,2960.31,3910.68994140625,75.7
2017-09-24,2963.54,3910.68994140625,75.78
2017-09-25,2960.31,3910.68994140625,75.7
2017-09-26,2960.31,3910.68994140625,75.7
2017-09-27,2963.54,3910.68994140625,75.78
2017-09-28,2963.54,3910.68994140625,75.78
2017-09-29,2976.47,3910.68994140625,76.11
2017-09-30,3018.5,3910.68994140625,77.19
2017-10-01,3042.73,3910.68994140625,77.81
2017-10-02,3056.57,3910.68994140625,78.16
2017-10-03,3066.954,3910.68994140625,78.42
2017-10-04,3094.64,3910.68994140625,79.13
2017-10-05,3118.87,3910.68994140625,79.75
2017-10-06,3153.479,3910.68994140625,80.64
2017-10-07,3181.17,3910.68994140625,81.35
2017-10-08,3198.47,3910.68994140625,81.79
2017-10-09,3215.78,3910.68994140625,82.23
2017-10-10,3219.238,3910.68994140625,82.32
2017-10-11,3229.62,3910.68994140625,82.58
2017-10-12,3236.543,3910.68994140625,82.76
2017-10-13,3250.387,3910.68994140625,83.12
2017-10-14,3264.23,3910.68994140625,83.47
2017-10-15,3271.15,3910.68994140625,83.65
2017-10-16,3278.075,3910.68994140625,83.82
2017-10-17,3281.536,3910.68994140625,83.91
2017-10-18,3281.536,3910.68994140625,83.91
2017-10-19,3284.997,3910.68994140625,84.0
2017-10-20,3288.46,3910.68994140625,84.09
2017-10-21,3291.92,3910.68994140625,84.18
2017-10-22,3288.46,3910.68994140625,84.09
2017-10-23,3295.38,3910.68994140625,84.27
2017-10-24,3298.84,3910.68994140625,84.35
2017-10-25,3302.3,3910.68994140625,84.44
2017-10-26,3302.3,3910.68994140625,84.44
2017-10-27,3305.76,3910.68994140625,84.53
2017-10-28,3305.76,3910.68994140625,84.53
2017-10-29,3305.76,3910.68994140625,84.53
2017-10-30,3305.76,3910.68994140625,84.53
2017-10-31,3305.76,3910.68994140625,84.53
2017-11-01,3305.76,3910.68994140625,84.53
2017-11-02,3309.22,3910.68994140625,84.62
2017-11-03,3312.685,3910.68994140625,84.71
2017-11-04,3312.685,3910.68994140625,84.71
2017-11-05,3309.22,3910.68994140625,84.62
2017-11-06,3312.69,3910.68994140625,84.71
2017-11-07,3312.69,3910.68994140625,84.71
2017-11-08,3305.76,3910.68994140625,84.53
2017-11-09,3312.69,3910.68994140625,84.71
2017-11-10,3312.69,3910.68994140625,84.71
2017-11-11,3312.69,3910.68994140625,84.71
2017-11-12,3312.69,3910.68994140625,84.71
2017-11-13,3316.15,3910.68994140625,84.8
2017-11-14,3316.15,3910.68994140625,84.8
2017-11-15,3316.15,3910.68994140625,84.8
2017-11-16,3319.61,3910.68994140625,84.89
2017-11-17,3316.15,3910.68994140625,84.8
2017-11-18,3316.15,3910.68994140625,84.8
2017-11-19,3316.15,3910.68994140625,84.8
2017-11-20,3316.15,3910.68994140625,84.8
2017-11-21,3312.69,3910.68994140625,84.71
2017-11-22,3309.22,3910.68994140625,84.62
2017-11-23,3309.22,3910.68994140625,84.62
2017-11-24,3309.22,3910.68994140625,84.62
2017-11-25,3302.3,3910.68994140625,84.44
2017-11-26,3309.22,3910.68994140625,84.62
2017-11-27,3305.763,3910.68994140625,84.53
2017-11-28,3305.763,3910.68994140625,84.53
2017-11-29,3305.76,3910.68994140625,84.53
2017-11-30,3305.76,3910.68994140625,84.53
2017-12-01,3305.76,3910.68994140625,84.53
2017-12-02,3305.76,3910.68994140625,84.53
2017-12-03,3305.76,3910.68994140625,84.53
2017-12-04,3302.3,3910.68994140625,84.44
2017-12-05,3302.3,3910.68994140625,84.44
2017-12-06,3298.84,3910.68994140625,84.35
2017-12-07,3302.3,3910.68994140625,84.44
2017-12-08,3295.38,3910.68994140625,84.27
2017-12-09,3288.46,3910.68994140625,84.09
2017-12-10,3285.0,3910.68994140625,84.0
2017-12-11,3281.54,3910.68994140625,83.91
2017-12-12,3278.075,3910.68994140625,83.82
2017-12-13,3274.614,3910.68994140625,83.73
2017-12-14,3271.153,3910.68994140625,83.65
2017-12-15,3267.692,3910.68994140625,83.56
2017-12-16,3260.77,3910.68994140625,83.38
2017-12-17,3257.31,3910.68994140625,83.29
2017-12-18,3253.85,3910.68994140625,83.2
2017-12-19,3250.387,3910.68994140625,83.12
2017-12-20,3243.47,3910.68994140625,82.94
2017-12-21,3243.47,3910.68994140625,82.94
2017-12-22,3243.47,3910.68994140625,82.94
2017-12-23,3229.62,3910.68994140625,82.58
2017-12-24,3233.08,3910.68994140625,82.67
2017-12-25,3229.62,3910.68994140625,82.58
2017-12-26,3222.7,3910.68994140625,82.41
2017-12-27,3219.24,3910.68994140625,82.32
2017-12-28,3215.78,3910.68994140625,82.23
2017-12-29,3212.32,3910.68994140625,82.14
2017-12-30,3208.85,3910.68994140625,82.05
2017-12-31,3208.85,3910.68994140625,82.05
2018-01-01,3205.39,3910.68994140625,81.96
2018-01-02,3198.47,3910.68994140625,81.79
2018-01-03,3191.55,3910.68994140625,81.61
2018-01-04,3191.55,3910.68994140625,81.61
2018-01-05,3184.63,3910.68994140625,81.43
2018-01-06,3181.17,3910.68994140625,81.35
2018-01-07,3177.71,3910.68994140625,81.26
2018-01-08,3177.71,3910.68994140625,81.26
2018-01-09,3170.78,3910.68994140625,81.08
2018-01-10,3170.78,3910.68994140625,81.08
2018-01-11,3156.94,3910.68994140625,80.73
2018-01-12,3156.94,3910.68994140625,80.73
2018-01-13,3153.47,3910.68994140625,80.64
2018-01-14,3146.56,3910.68994140625,80.46
2018-01-15,3143.1,3910.68994140625,80.37
2018-01-16,3139.64,3910.68994140625,80.28
2018-01-17,3132.7,3910.68994140625,80.11
2018-01-18,3122.33,3910.68994140625,79.84
2018-01-19,3115.41,3910.68994140625,79.66
2018-01-20,3111.95,3910.68994140625,79.58
2018-01-21,3108.49,3910.68994140625,79.49
2018-01-22,3108.49,3910.68994140625,79.49
2018-01-23,3105.02,3910.68994140625,79.4
2018-01-24,3098.1,3910.68994140625,79.22
2018-01-25,3098.1,3910.68994140625,79.22
2018-01-26,3094.64,3910.68994140625,79.13
2018-01-27,3091.18,3910.68994140625,79.04
2018-01-28,3105.02,3910.68994140625,79.4
2018-01-29,3105.02,3910.68994140625,79.4
2018-01-30,3101.56,3910.68994140625,79.31
2018-01-31,3098.1,3910.68994140625,79.22
2018-02-01,3101.56,3910.68994140625,79.31
2018-02-02,3101.56,3910.68994140625,79.31
2018-02-03,3098.1,3910.68994140625,79.22
2018-02-04,3098.1,3910.68994140625,79.22
2018-02-05,3098.1,3910.68994140625,79.22
2018-02-06,3094.64,3910.68994140625,79.13
2018-02-07,3105.02,3910.68994140625,79.4
2018-02-08,3105.02,3910.68994140625,79.4
2018-02-09,3101.56,3910.68994140625,79.31
2018-02-10,3094.64,3910.68994140625,79.13
2018-02-11,3101.56,3910.68994140625,79.31
2018-02-12,3098.1,3910.68994140625,79.22
2018-02-13,3098.103,3910.68994140625,79.22
2018-02-14,3098.103,3910.68994140625,79.22
2018-02-15,3098.103,3910.68994140625,79.22
2018-02-16,3098.103,3910.68994140625,79.22
2018-02-17,3098.103,3910.68994140625,79.22
2018-02-18,3098.103,3910.68994140625,79.22
2018-02-19,3098.103,3910.68994140625,79.22
2018-02-20,3101.56,3910.68994140625,79.31
2018-02-21,3098.103,3910.68994140625,79.22
2018-02-22,3094.642,3910.68994140625,79.13
2018-02-23,3087.72,3910.68994140625,78.96
2018-02-24,3094.64,3910.69,79.13
2018-02-25,3094.64,3910.68994140625,79.13
2018-02-26,3098.1,3910.68994140625,79.22
2018-02-27,3094.64,3910.68994140625,79.13
2018-02-28,3091.18,3910.68994140625,79.04
2018-03-01,3094.64,3910.68994140625,79.13
2018-03-02,3091.18,3910.68994140625,79.04
2018-03-03,3087.72,3910.68994140625,78.96
2018-03-04,3084.26,3910.68994140625,78.87
2018-03-05,3084.26,3910.68994140625,78.87
2018-03-06,3087.72,3910.68994140625,78.96
2018-03-07,3087.72,3910.68994140625,78.96
2018-03-08,3080.8,3910.68994140625,78.78
2018-03-09,3084.26,3910.68994140625,78.87
2018-03-10,3080.8,3910.68994140625,78.78
2018-03-11,3084.26,3910.68994140625,78.87
2018-03-12,3080.798,3910.68994140625,78.78
2018-03-13,3077.337,3910.68994140625,78.69
2018-03-14,3073.876,3910.68994140625,78.6
2018-03-15,3066.954,3910.68994140625,78.42
2018-03-16,3063.49,3910.68994140625,78.34
2018-03-17,3060.32,3910.68994140625,78.26
2018-03-18,3053.11,3910.68994140625,78.07
2018-03-19,3053.11,3910.68994140625,78.07
2018-03-20,3049.65,3910.68994140625,77.98
2018-03-21,3039.27,3910.68994140625,77.72
2018-03-22,3032.34,3910.68994140625,77.54
2018-03-23,3028.88,3910.68994140625,77.45
2018-03-24,3021.96,3910.68994140625,77.27
2018-03-25,3018.5,3910.68994140625,77.19
2018-03-26,3012.03,3910.68994140625,77.02
2018-03-27,3002.33,3910.68994140625,76.77
2018-03-28,3002.33,3910.68994140625,76.77
2018-03-29,2999.1,3910.68994140625,76.69
2018-03-30,2995.87,3910.68994140625,76.61
2018-03-31,2986.17,3910.68994140625,76.36
2018-04-01,2976.47,3910.68994140625,76.11
2018-04-02,2970.005,3910.68994140625,75.95
2018-04-03,2966.77,3910.68994140625,75.86
2018-04-04,2963.54,3910.68994140625,75.78
2018-04-05,2957.073,3910.68994140625,75.62
2018-04-06,2953.84,3910.68994140625,75.53
2018-04-07,2947.37,3910.68994140625,75.37
2018-04-08,2937.68,3910.68994140625,75.12
2018-04-09,2934.44,3910.68994140625,75.04
2018-04-10,2931.21,3910.68994140625,74.95
2018-04-11,2927.98,3910.68994140625,74.87
2018-04-12,2924.74,3910.68994140625,74.79
2018-04-13,2915.04,3910.68994140625,74.54
2018-04-14,2915.04,3910.68994140625,74.54
2018-04-15,2905.34,3910.68994140625,74.29
2018-04-16,2892.413,3910.68994140625,73.96
2018-04-17,2885.947,3910.68994140625,73.8
2018-04-18,2879.481,3910.68994140625,73.63
2018-04-19,2876.248,3910.68994140625,73.55
2018-04-20,2869.78,3910.68994140625,73.38
2018-04-21,2860.08,3910.68994140625,73.13
2018-04-22,2853.62,3910.68994140625,72.97
2018-04-23,2850.384,3910.68994140625,72.89
2018-04-24,2847.15,3910.68994140625,72.8
2018-04-25,2840.685,3910.68994140625,72.64
2018-04-26,2834.22,3910.68994140625,72.47
2018-04-27,2834.22,3910.68994140625,72.47
2018-04-28,2827.75,3910.68994140625,72.31
2018-04-29,2827.75,3910.68994140625,72.31
2018-04-30,2834.22,3910.68994140625,72.47
2018-05-01,2830.99,3910.68994140625,72.39
2018-05-02,2840.69,3910.68994140625,72.64
2018-05-03,2837.45,3910.68994140625,72.56
2018-05-04,2843.92,3910.68994140625,72.72
2018-05-05,2856.85,3910.68994140625,73.05
2018-05-06,2860.08,3910.68994140625,73.13
2018-05-07,2866.549,3910.68994140625,73.3
2018-05-08,2873.015,3910.68994140625,73.47
2018-05-09,2869.78,3910.68994140625,73.38
2018-05-10,2873.01,3910.68994140625,73.47
2018-05-11,2869.782,3910.68994140625,73.38
2018-05-12,2866.55,3910.68994140625,73.3
2018-05-13,2863.32,3910.68994140625,73.22
2018-05-14,2860.08,3910.68994140625,73.13
2018-05-15,2856.85,3910.68994140625,73.05
2018-05-16,2850.38,3910.68994140625,72.89
2018-05-17,2840.685,3910.68994140625,72.64
2018-05-18,2837.452,3910.68994140625,72.56
2018-05-19,2834.22,3910.68994140625,72.47
2018-05-20,2824.52,3910.68994140625,72.23
2018-05-21,2818.05,3910.68994140625,72.06
2018-05-22,2834.22,3910.68994140625,72.47
2018-05-23,2830.99,3910.68994140625,72.39
2018-05-24,2834.22,3910.68994140625,72.47
2018-05-25,2830.99,3910.68994140625,72.39
2018-05-26,2824.52,3910.68994140625,72.23
2018-05-27,2824.52,3910.68994140625,72.23
2018-05-28,2821.29,3910.68994140625,72.14
2018-05-29,2814.82,3910.68994140625,71.98
2018-05-30,2811.59,3910.68994140625,71.89
2018-05-31,2808.35,3910.68994140625,71.81
2018-06-01,2805.12,3910.68994140625,71.73
2018-06-02,2801.89,3910.68994140625,71.65
2018-06-03,2795.42,3910.68994140625,71.48
2018-06-04,2792.19,3910.68994140625,71.4
2018-06-05,2785.72,3910.68994140625,71.23
2018-06-06,2782.49,3910.68994140625,71.15
2018-06-07,2779.26,3910.68994140625,71.07
2018-06-08,2776.025,3910.68994140625,70.99
2018-06-09,2772.79,3910.68994140625,70.9
2018-06-10,2766.33,3910.68994140625,70.74
2018-06-11,2763.09,3910.68994140625,70.65
2018-06-12,2756.63,3910.68994140625,70.49
2018-06-13,2750.16,3910.68994140625,70.32
2018-06-14,2750.16,3910.68994140625,70.32
2018-06-15,2750.16,3910.68994140625,70.32
2018-06-16,2750.16,3910.68994140625,70.32
2018-06-17,2746.93,3910.68994140625,70.24
2018-06-18,2750.161,3910.68994140625,70.32
2018-06-19,2746.93,3910.68994140625,70.24
2018-06-20,2743.695,3910.68994140625,70.16
2018-06-21,2746.93,3910.68994140625,70.24
2018-06-22,2750.161,3910.68994140625,70.32
2018-06-23,2746.93,3910.68994140625,70.24
2018-06-24,2750.16,3910.68994140625,70.32
2018-06-25,2753.39,3910.68994140625,70.41
2018-06-26,2753.394,3910.68994140625,70.41
2018-06-27,2753.394,3910.68994140625,70.41
2018-06-28,2753.394,3910.68994140625,70.41
2018-06-29,2750.16,3910.68994140625,70.32
2018-06-30,2750.16,3910.68994140625,70.32
2018-07-01,2750.16,3910.68994140625,70.32
2018-07-02,2743.7,3910.68994140625,70.16
2018-07-03,2743.7,3910.68994140625,70.16
2018-07-04,2740.46,3910.68994140625,70.08
2018-07-05,2737.23,3910.68994140625,69.99
2018-07-06,2743.7,3910.68994140625,70.16
2018-07-07,2740.46,3910.68994140625,70.08
2018-07-08,2740.46,3910.68994140625,70.08
2018-07-09,2740.46,3910.68994140625,70.08
2018-07-10,2737.229,3910.68994140625,69.99
2018-07-11,2737.229,3910.68994140625,69.99
2018-07-12,2730.763,3910.68994140625,69.83
2018-07-13,2730.763,3910.68994140625,69.83
2018-07-14,2727.53,3910.68994140625,69.75
2018-07-15,2727.53,3910.68994140625,69.75
2018-07-16,2727.53,3910.68994140625,69.75
2018-07-17,2721.064,3910.68994140625,69.58
2018-07-18,2714.6,3910.68994140625,69.41
2018-07-19,2717.83,3910.68994140625,69.5
2018-07-20,2714.6,3910.68994140625,69.41
2018-07-21,2714.6,3910.68994140625,69.41
2018-07-22,2704.9,3910.68994140625,69.17
2018-07-23,2701.67,3910.68994140625,69.08
2018-07-24,2701.67,3910.68994140625,69.08
2018-07-25,2698.43,3910.68994140625,69.0
2018-07-26,2704.9,3910.68994140625,69.17
2018-07-27,2698.43,3910.68994140625,69.0
2018-07-28,2701.67,3910.68994140625,69.08
2018-07-29,2692.17,3910.68994140625,68.84
2018-07-30,2692.17,3910.68994140625,68.84
2018-07-31,2692.17,3910.68994140625,68.84
2018-08-01,2686.12,3910.68994140625,68.69
2018-08-02,2689.15,3910.68994140625,68.76
2018-08-03,2686.12,3910.68994140625,68.69
2018-08-04,2680.06,3910.68994140625,68.53
2018-08-05,2674.01,3910.68994140625,68.38
2018-08-06,2680.06,3910.68994140625,68.53
2018-08-07,2680.06,3910.68994140625,68.53
2018-08-08,2677.038,3910.68994140625,68.45
2018-08-09,2670.98,3910.68994140625,68.3
2018-08-10,2674.01,3910.68994140625,68.38
2018-08-11,2670.98,3910.68994140625,68.3
2018-08-12,2670.98,3910.68994140625,68.3
2018-08-13,2667.96,3910.68994140625,68.22
2018-08-14,2667.96,3910.68994140625,68.22
2018-08-15,2661.9,3910.68994140625,68.07
2018-08-16,2658.88,3910.68994140625,67.99
2018-08-17,2655.85,3910.68994140625,67.91
2018-08-18,2652.82,3910.68994140625,67.84
2018-08-19,2652.82,3910.68994140625,67.84
2018-08-20,2652.82,3910.68994140625,67.84
2018-08-21,2649.79,3910.68994140625,67.76
2018-08-22,2646.77,3910.68994140625,67.68
2018-08-23,2646.77,3910.68994140625,67.68
2018-08-24,2640.71,3910.68994140625,67.53
2018-08-25,2637.69,3910.68994140625,67.45
2018-08-26,2634.66,3910.68994140625,67.37
2018-08-27,2631.63,3910.68994140625,67.29
2018-08-28,2631.63,3910.68994140625,67.29
2018-08-29,2625.57,3910.68994140625,67.14
2018-08-30,2625.57,3910.68994140625,67.14
2018-08-31,2622.55,3910.68994140625,67.06
2018-09-01,2628.61,3910.68994140625,67.22
2018-09-02,2625.57,3910.68994140625,67.14
2018-09-03,2622.55,3910.68994140625,67.06
2018-09-04,2622.55,3910.68994140625,67.06
2018-09-05,2622.55,3910.68994140625,67.06
2018-09-06,2622.55,3910.68994140625,67.06
2018-09-07,2619.52,3910.68994140625,66.98
2018-09-08,2613.47,3910.68994140625,66.83
2018-09-09,2616.5,3910.68994140625,66.91
2018-09-10,2622.55,3910.68994140625,67.06
2018-09-11,2628.606,3910.68994140625,67.22
2018-09-12,2643.74,3910.68994140625,67.6
2018-09-13,2649.79,3910.68994140625,67.76
2018-09-14,2674.01,3910.68994140625,68.38
2018-09-15,2698.43,3910.68994140625,69.0
2018-09-16,2730.76,3910.68994140625,69.83
2018-09-17,2753.39,3910.68994140625,70.41
2018-09-18,2772.79,3910.68994140625,70.9
2018-09-19,2776.02,3910.68994140625,70.99
2018-09-20,2785.72,3910.68994140625,71.23
2018-09-21,2788.96,3910.68994140625,71.32
2018-09-22,2795.42,3910.68994140625,71.48
2018-09-23,2801.89,3910.68994140625,71.65
2018-09-24,2814.82,3910.68994140625,71.98
2018-09-25,2824.52,3910.68994140625,72.23
2018-09-26,2834.22,3910.68994140625,72.47
2018-09-27,2843.92,3910.68994140625,72.72
2018-09-28,2847.15,3910.68994140625,72.8
2018-09-29,2869.78,3910.68994140625,73.38
2018-09-30,2892.41,3910.68994140625,73.96
2018-10-01,2915.044,3910.68994140625,74.54
2018-10-02,2931.21,3910.68994140625,74.95
2018-10-03,2940.908,3910.68994140625,75.2
2018-10-04,2957.07,3910.68994140625,75.62
2018-10-05,2963.539,3910.68994140625,75.78
2018-10-06,2966.77,3910.68994140625,75.86
2018-10-07,2973.24,3910.68994140625,76.03
2018-10-08,2976.47,3910.68994140625,76.11
2018-10-09,2979.7,3910.68994140625,76.19
2018-10-10,2976.47,3910.68994140625,76.11
2018-10-11,2989.4,3910.68994140625,76.44
2018-10-12,2995.87,3910.68994140625,76.61
2018-10-13,3005.57,3910.68994140625,76.86
2018-10-14,3012.03,3910.68994140625,77.02
2018-10-15,3021.96,3910.68994140625,77.27
2018-10-16,3046.19,3910.68994140625,77.89
2018-10-17,3046.19,3910.68994140625,77.89
2018-10-18,3049.65,3910.68994140625,77.98
2018-10-19,3053.11,3910.68994140625,78.07
2018-10-20,3056.57,3910.68994140625,78.16
2018-10-21,3060.03,3910.68994140625,78.25
2018-10-22,3066.95,3910.68994140625,78.42
2018-10-23,3087.72,3910.68994140625,78.96
2018-10-24,3105.025,3910.68994140625,79.4
2018-10-25,3111.947,3910.68994140625,79.58
2018-10-26,3122.33,3910.68994140625,79.84
2018-10-27,3129.25,3910.68994140625,80.02
2018-10-28,3136.17,3910.68994140625,80.19
2018-10-29,3143.1,3910.68994140625,80.37
2018-10-30,3146.56,3910.68994140625,80.46
2018-10-31,3153.48,3910.68994140625,80.64
2018-11-01,3156.94,3910.68994140625,80.73
2018-11-02,3163.86,3910.68994140625,80.9
2018-11-03,3163.86,3910.68994140625,80.9
2018-11-04,3167.32,3910.68994140625,80.99
2018-11-05,3170.78,3910.68994140625,81.08
2018-11-06,3174.25,3910.68994140625,81.17
2018-11-07,3177.71,3910.68994140625,81.26
2018-11-08,3177.71,3910.68994140625,81.26
2018-11-09,3181.17,3910.68994140625,81.35
2018-11-10,3181.17,3910.68994140625,81.35
2018-11-11,3177.71,3910.68994140625,81.26
2018-11-12,3177.71,3910.68994140625,81.26
2018-11-13,3181.17,3910.68994140625,81.35
2018-11-14,3181.17,3910.68994140625,81.35
2018-11-15,3181.17,3910.68994140625,81.35
2018-11-16,3181.17,3910.68994140625,81.35
2018-11-17,3181.17,3910.68994140625,81.35
2018-11-18,3184.63,3910.68994140625,81.43
2018-11-19,3188.09,3910.68994140625,81.52
2018-11-20,3184.63,3910.68994140625,81.43
2018-11-21,3184.63,3910.68994140625,81.43
2018-11-22,3181.17,3910.68994140625,81.35
2018-11-23,3188.09,3910.68994140625,81.52
2018-11-24,3191.55,3910.68994140625,81.61
2018-11-25,3191.55,3910.68994140625,81.61
2018-11-26,3191.55,3910.68994140625,81.61
2018-11-27,3188.09,3910.68994140625,81.52
2018-11-28,3191.55,3910.68994140625,81.61
2018-11-29,3195.01,3910.68994140625,81.7
2018-11-30,3195.01,3910.68994140625,81.7
2018-12-01,3195.01,3910.68994140625,81.7
2018-12-02,3195.01,3910.68994140625,81.7
2018-12-03,3198.472,3910.68994140625,81.79
2018-12-04,3212.32,3910.68994140625,82.14
2018-12-05,3198.472,3910.68994140625,81.79
2018-12-06,3201.933,3910.68994140625,81.88
2018-12-07,3201.933,3910.68994140625,81.88
2018-12-08,3201.933,3910.68994140625,81.88
2018-12-09,3201.933,3910.68994140625,81.88
2018-12-10,3198.47,3910.68994140625,81.79
2018-12-11,3201.933,3910.68994140625,81.88
2018-12-12,3201.933,3910.68994140625,81.88
2018-12-13,3195.01,3910.68994140625,81.7
2018-12-14,3195.01,3910.68994140625,81.7
2018-12-15,3191.55,3910.68994140625,81.61
2018-12-16,3188.09,3910.68994140625,81.52
2018-12-17,3184.63,3910.68994140625,81.43
2018-12-18,3181.17,3910.68994140625,81.35
2018-12-19,3174.25,3910.68994140625,81.17
2018-12-20,3170.78,3910.68994140625,81.08
2018-12-21,3170.78,3910.68994140625,81.08
2018-12-22,3163.86,3910.68994140625,80.9
2018-12-23,3160.4,3910.68994140625,80.81
2018-12-24,3160.4,3910.68994140625,80.81
2018-12-25,3153.48,3910.68994140625,80.64
2018-12-26,3153.48,3910.68994140625,80.64
2018-12-27,3150.02,3910.68994140625,80.55
2018-12-28,3146.56,3910.68994140625,80.46
2018-12-29,3143.1,3910.68994140625,80.37
2018-12-30,3136.17,3910.68994140625,80.19
2018-12-31,3136.17,3910.68994140625,80.19
2019-01-01,3129.25,3910.69,80.02
2019-01-02,3125.79,3910.68994140625,79.93
2019-01-03,3125.79,3910.69,79.93
2019-01-04,3118.87,3910.68994140625,79.75
2019-01-05,3115.41,3910.68994140625,79.66
2019-01-06,3111.95,3910.68994140625,79.58
2019-01-07,3105.02,3910.68994140625,79.4
2019-01-08,3101.56,3910.68994140625,79.31
2019-01-09,3101.56,3910.68994140625,79.31
2019-01-10,3094.64,3910.68994140625,79.13
2019-01-11,3091.18,3910.68994140625,79.04
2019-01-12,3091.18,3910.68994140625,79.04
2019-01-13,3084.26,3910.69,78.87
2019-01-14,3077.34,3910.69,78.69
2019-01-15,3077.34,3910.69,78.69
2019-01-16,3070.42,3910.68994140625,78.51
2019-01-17,3070.42,3910.68994140625,78.51
2019-01-18,3063.49,3910.68994140625,78.34
2019-01-19,3063.49,3910.68994140625,78.34
2019-01-20,3056.57,3910.69,78.16
2019-01-21,3049.65,3910.69,77.98
2019-01-22,3046.19,3910.69,77.89
2019-01-23,3042.727,3910.68994140625,77.81
2019-01-24,3039.27,3910.68994140625,77.72
2019-01-25,3035.8,3910.68994140625,77.63
2019-01-26,3035.8,3910.68994140625,77.63
2019-01-27,3035.8,3910.69,77.63
2019-01-28,3032.34,3910.69,77.54
2019-01-29,3025.42,3910.68994140625,77.36
2019-01-30,3025.42,3910.69,77.36
2019-01-31,3021.96,3910.68994140625,77.27
2019-02-01,3018.5,3910.69,77.19
2019-02-02,3018.5,3910.68994140625,77.19
2019-02-03,3018.5,3910.69,77.19
2019-02-04,3008.8,3910.69,76.94
2019-02-05,3012.03,3910.69,77.02
2019-02-06,3012.03,3910.69,77.02
2019-02-07,3012.03,3910.68994140625,77.02
2019-02-08,3012.03,3910.69,77.02
2019-02-09,3012.03,3910.68994140625,77.02
2019-02-10,3015.27,3910.68994140625,77.1
2019-02-11,3012.03,3910.68994140625,77.02
2019-02-12,3012.03,3910.68994140625,77.02
2019-02-13,3012.03,3910.69,77.02
2019-02-14,3008.8,3910.69,76.94
2019-02-15,3008.8,3910.69,76.94
2019-02-16,3008.8,3910.68994140625,76.94
2019-02-17,3005.57,3910.68994140625,76.86
2019-02-18,3005.57,3910.69,76.86
2019-02-19,3008.8,3910.69,76.94
2019-02-20,3005.57,3910.68994140625,76.86
2019-02-21,3005.57,3910.69,76.86
2019-02-22,3005.57,3910.69,76.86
2019-02-23,3005.57,3910.69,76.86
2019-02-24,3008.8,3910.69,76.94
2019-02-25,2999.1,3910.69,76.69
2019-02-26,3002.33,3910.69,76.77
2019-02-27,3002.33,3910.69,76.77
2019-02-28,3002.33,3910.69,76.77
2019-03-01,3005.57,3910.69,76.86
2019-03-02,3002.33,3910.69,76.77
2019-03-03,3002.33,3910.69,76.77
2019-03-04,2999.1,3910.69,76.69
2019-03-05,3002.33,3910.69,76.77
2019-03-06,2999.1,3910.68994140625,76.69
2019-03-07,2992.636,3910.68994140625,76.52
2019-03-08,2989.4,3910.68994140625,76.44
2019-03-09,2986.17,3910.68994140625,76.36
2019-03-10,2982.94,3910.68994140625,76.28
2019-03-11,2976.471,3910.68994140625,76.11
2019-03-12,2973.238,3910.68994140625,76.03
2019-03-13,2966.77,3910.68994140625,75.86
2019-03-14,2963.539,3910.68994140625,75.78
2019-03-15,2960.306,3910.68994140625,75.7
2019-03-16,2957.07,3910.68994140625,75.62
2019-03-17,2953.84,3910.68994140625,75.53
2019-03-18,2944.14,3910.68994140625,75.28
2019-03-19,2950.61,3910.68994140625,75.45
2019-03-20,2944.14,3910.68994140625,75.28
2019-03-21,2944.14,3910.68994140625,75.28
2019-03-22,2944.14,3910.68994140625,75.28
2019-03-23,2937.68,3910.69,75.12
2019-03-24,2937.68,3910.69,75.12
2019-03-25,2937.68,3910.69,75.12
2019-03-26,2931.21,3910.69,74.95
2019-03-27,2931.21,3910.69,74.95
2019-03-28,2924.74,3910.69,74.79
2019-03-29,2921.51,3910.68994140625,74.71
2019-03-30,2918.28,3910.68994140625,74.62
2019-03-31,2918.28,3910.68994140625,74.62
2019-04-01,2915.04,3910.68994140625,74.54
2019-04-02,2908.58,3910.68994140625,74.38
2019-04-03,2905.34,3910.68994140625,74.29
2019-04-04,2895.65,3910.68994140625,74.04
2019-04-05,2895.65,3910.68994140625,74.04
2019-04-06,2889.18,3910.68994140625,73.88
2019-04-07,2885.95,3910.68994140625,73.8
2019-04-08,2885.95,3910.68994140625,73.8
2019-04-09,2876.25,3910.68994140625,73.55
2019-04-10,2869.78,3910.68994140625,73.38
2019-04-11,2866.55,3910.68994140625,73.3
2019-04-12,2860.08,3910.68994140625,73.13
2019-04-13,2856.85,3910.68994140625,73.05
2019-04-14,2850.38,3910.68994140625,72.89
2019-04-15,2840.69,3910.68994140625,72.64
2019-04-16,2830.99,3910.68994140625,72.39
2019-04-17,2827.75,3910.68994140625,72.31
2019-04-18,2818.05,3910.68994140625,72.06
2019-04-19,2814.82,3910.68994140625,71.98
2019-04-20,2805.12,3910.68994140625,71.73
2019-04-21,2795.42,3910.68994140625,71.48
2019-04-22,2792.19,3910.68994140625,71.4
2019-04-23,2782.49,3910.68994140625,71.15
2019-04-24,2776.02,3910.68994140625,70.99
2019-04-25,2772.792,3910.68994140625,70.9
2019-04-26,2769.559,3910.68994140625,70.82
2019-04-27,2759.86,3910.68994140625,70.57
2019-04-28,2753.39,3910.68994140625,70.41
2019-04-29,2746.93,3910.68994140625,70.24
2019-04-30,2743.7,3910.68994140625,70.16
2019-05-01,2737.23,3910.68994140625,69.99
2019-05-02,2724.3,3910.68994140625,69.66
2019-05-03,2721.06,3910.68994140625,69.58
2019-05-04,2717.83,3910.68994140625,69.5
2019-05-05,2711.36,3910.68994140625,69.33
2019-05-06,2711.36,3910.68994140625,69.33
2019-05-07,2701.67,3910.68994140625,69.08
2019-05-08,2698.43,3910.68994140625,69.0
2019-05-09,2695.2,3910.68994140625,68.92
2019-05-10,2686.12,3910.68994140625,68.69
2019-05-11,2677.04,3910.68994140625,68.45
2019-05-12,2677.04,3910.68994140625,68.45
2019-05-13,2683.092,3910.68994140625,68.61
2019-05-14,2664.93,3910.68994140625,68.14
2019-05-15,2667.957,3910.68994140625,68.22
2019-05-16,2667.957,3910.68994140625,68.22
2019-05-17,2658.88,3910.68994140625,67.99
2019-05-18,2655.85,3910.68994140625,67.91
2019-05-19,2649.79,3910.68994140625,67.76
2019-05-20,2643.74,3910.68994140625,67.6
2019-05-21,2640.71,3910.68994140625,67.53
2019-05-22,2637.69,3910.68994140625,67.45
2019-05-23,2631.63,3910.68994140625,67.29
2019-05-24,2625.58,3910.68994140625,67.14
2019-05-25,2619.52,3910.68994140625,66.98
2019-05-26,2613.47,3910.68994140625,66.83
2019-05-27,2607.42,3910.68994140625,66.67
2019-05-28,2604.39,3910.68994140625,66.6
2019-05-29,2595.31,3910.68994140625,66.36
2019-05-30,2592.28,3910.68994140625,66.29
2019-05-31,2589.255,3910.68994140625,66.21
2019-06-01,2586.23,3910.69,66.13
2019-06-02,2583.2,3910.69,66.05
2019-06-03,2577.147,3910.69,65.9
2019-06-04,2586.23,3910.69,66.13
2019-06-05,2583.2,3910.69,66.05
2019-06-06,2586.23,3910.69,66.13
2019-06-07,2580.17,3910.69,65.98
2019-06-08,2580.17,3910.69,65.98
2019-06-09,2574.12,3910.69,65.82
2019-06-10,2577.15,3910.69,65.9
2019-06-11,2580.17,3910.69,65.98
2019-06-12,2580.17,3910.69,65.98
2019-06-13,2583.2,3910.69,66.05
2019-06-14,2583.2,3910.69,66.05
2019-06-15,2577.15,3910.69,65.9
2019-06-16,2574.12,3910.69,65.82
2019-06-17,2577.15,3910.69,65.9
2019-06-18,2571.093,3910.69,65.75
2019-06-19,2571.093,3910.69,65.75
2019-06-20,2565.04,3910.69,65.59
2019-06-21,2568.07,3910.69,65.67
2019-06-22,2562.01,3910.69,65.51
2019-06-23,2562.01,3910.69,65.51
2019-06-24,2558.985,3910.69,65.44
2019-06-25,2583.2,3910.69,66.05
2019-06-26,2592.282,3910.69,66.29
2019-06-27,2598.336,3910.69,66.44
2019-06-28,2604.39,3910.69,66.6
2019-06-29,2607.42,3910.69,66.67
2019-06-30,2607.42,3910.69,66.67
2019-07-01,2604.39,3910.69,66.6
2019-07-02,2604.39,3910.69,66.6
2019-07-03,2607.42,3910.69,66.67
2019-07-04,2604.39,3910.69,66.6
2019-07-05,2604.39,3910.69,66.6
2019-07-06,2601.36,3910.69,66.52
2019-07-07,2601.36,3910.69,66.52
2019-07-08,2598.34,3910.69,66.44
2019-07-09,2598.34,3910.69,66.44
2019-07-10,2592.28,3910.69,66.29
2019-07-11,2595.31,3910.69,66.36
2019-07-12,2592.28,3910.69,66.29
2019-07-13,2592.28,3910.69,66.29
2019-07-14,2589.25,3910.69,66.21
2019-07-15,2586.228,3910.69,66.13
2019-07-16,2586.228,3910.69,66.13
2019-07-17,2583.201,3910.69,66.05
2019-07-18,2580.17,3910.69,65.98
2019-07-19,2577.147,3910.69,65.9
2019-07-20,2574.12,3910.69,65.82
2019-07-21,2571.09,3910.69,65.75
2019-07-22,2571.09,3910.69,65.75
2019-07-23,2574.12,3910.69,65.82
2019-07-24,2571.09,3910.69,65.75
2019-07-25,2568.07,3910.69,65.67
2019-07-26,2568.07,3910.69,65.67
2019-07-27,2565.04,3910.69,65.59
2019-07-28,2562.01,3910.69,65.51
2019-07-29,2558.985,3910.69,65.44
2019-07-30,2555.96,3910.69,65.36
2019-07-31,2549.904,3910.69,65.2
2019-08-01,2549.904,3910.69,65.2
2019-08-02,2549.904,3910.69,65.2
2019-08-03,2543.85,3910.69,65.05
2019-08-04,2540.82,3910.69,64.97
2019-08-05,2540.82,3910.69,64.97
2019-08-06,2540.82,3910.69,64.97
2019-08-07,2537.796,3910.69,64.89
2019-08-08,2537.796,3910.69,64.89
2019-08-09,2537.796,3910.69,64.89
2019-08-10,2531.74,3910.69,64.74
2019-08-11,2528.72,3910.69,64.66
2019-08-12,2525.69,3910.69,64.58
2019-08-13,2522.66,3910.69,64.51
2019-08-14,2522.66,3910.69,64.51
2019-08-15,2513.58,3910.69,64.27
2019-08-16,2516.61,3910.69,64.35
2019-08-17,2510.55,3910.69,64.2
2019-08-18,2507.53,3910.69,64.12
2019-08-19,2504.499,3910.69,64.04
2019-08-20,2504.499,3910.69,64.04
2019-08-21,2498.5,3910.69,63.89
2019-08-22,2501.47,3910.69,63.96
2019-08-23,2498.45,3910.69,63.89
2019-08-24,2498.45,3910.69,63.89
2019-08-25,2492.39,3910.69,63.73
2019-08-26,2492.39,3910.69,63.73
2019-08-27,2492.39,3910.69,63.73
2019-08-28,2486.337,3910.69,63.58
2019-08-29,2483.31,3910.69,63.5
2019-08-30,2486.337,3910.69,63.58
2019-08-31,2486.337,3910.69,63.58
2019-09-01,2483.31,3910.69,63.5
2019-09-02,2483.31,3910.69,63.5
2019-09-03,2483.31,3910.69,63.5
2019-09-04,2492.39,3910.69,63.73
2019-09-05,2498.45,3910.69,63.89
2019-09-06,2498.45,3910.69,63.89
2019-09-07,2507.53,3910.69,64.12
2019-09-08,2513.58,3910.69,64.27
2019-09-09,2513.58,3910.69,64.27
2019-09-10,2513.58,3910.69,64.27
2019-09-11,2507.53,3910.69,64.12
2019-09-12,2516.61,3910.69,64.35
2019-09-13,2519.63,3910.69,64.43
2019-09-14,2525.69,3910.69,64.58
2019-09-15,2528.72,3910.69,64.66
2019-09-16,2531.74,3910.69,64.74
2019-09-17,2528.715,3910.69,64.66
2019-09-18,2528.715,3910.69,64.66
2019-09-19,2528.715,3910.69,64.66
2019-09-20,2528.715,3910.69,64.66
2019-09-21,2528.715,3910.69,64.66
2019-09-22,2525.69,3910.69,64.58
2019-09-23,2528.72,3910.69,64.66
2019-09-24,2528.72,3910.69,64.66
2019-09-25,2525.69,3910.69,64.58
2019-09-26,2525.69,3910.69,64.58
2019-09-27,2522.66,3910.69,64.51
2019-09-28,2522.66,3910.69,64.51
2019-09-29,2522.66,3910.69,64.51
2019-09-30,2525.69,3910.69,64.58
2019-10-01,2525.69,3910.69,64.58
2019-10-02,2528.72,3910.69,64.66
2019-10-03,2528.72,3910.69,64.66
2019-10-04,2534.77,3910.69,64.82
2019-10-05,2537.8,3910.69,64.89
2019-10-06,2540.82,3910.69,64.97
2019-10-07,2540.82,3910.69,64.97
2019-10-08,2537.8,3910.69,64.89
2019-10-09,2543.85,3910.69,65.05
2019-10-10,2540.82,3910.69,64.97
2019-10-11,2537.8,3910.69,64.89
2019-10-12,2537.8,3910.69,64.89
2019-10-13,2537.8,3910.69,64.89
2019-10-14,2534.77,3910.69,64.82
2019-10-15,2534.77,3910.69,64.82
2019-10-16,2534.77,3910.69,64.82
2019-10-17,2534.77,3910.69,64.82
2019-10-18,2537.8,3910.69,64.89
2019-10-19,2534.77,3910.69,64.82
2019-10-20,2534.77,3910.69,64.82
2019-10-21,2531.74,3910.69,64.74
2019-10-22,2534.77,3910.69,64.82
2019-10-23,2537.796,3910.69,64.89
2019-10-24,2537.796,3910.69,64.89
2019-10-25,2531.742,3910.69,64.74
2019-10-26,2534.77,3910.69,64.82
2019-10-27,2531.74,3910.69,64.74
2019-10-28,2528.715,3910.69,64.66
2019-10-29,2528.715,3910.69,64.66
2019-10-30,2525.69,3910.69,64.58
2019-10-31,2522.66,3910.69,64.51
2019-11-01,2516.61,3910.69,64.35
2019-11-02,2522.66,3910.69,64.51
2019-11-03,2522.66,3910.69,64.51
2019-11-04,2522.66,3910.69,64.51
2019-11-05,2522.66,3910.69,64.51
2019-11-06,2522.66,3910.69,64.51
2019-11-07,2522.66,3910.69,64.51
2019-11-08,2522.66,3910.69,64.51
2019-11-09,2525.69,3910.69,64.58
2019-11-10,2525.69,3910.69,64.58
2019-11-11,2522.66,3910.69,64.51
2019-11-12,2519.63,3910.69,64.43
2019-11-13,2513.58,3910.69,64.27
2019-11-14,2513.58,3910.69,64.27
2019-11-15,2519.634,3910.69,64.43
2019-11-16,2519.634,3910.69,64.43
2019-11-17,2516.61,3910.69,64.35
2019-11-18,2519.634,3910.69,64.43
2019-11-19,2519.634,3910.69,64.43
2019-11-20,2516.61,3910.69,64.35
2019-11-21,2519.63,3910.69,64.43
2019-11-22,2513.58,3910.69,64.27
2019-11-23,2519.63,3910.69,64.43
2019-11-24,2519.63,3910.69,64.43
2019-11-25,2516.61,3910.69,64.35
2019-11-26,2516.61,3910.69,64.35
2019-11-27,2516.61,3910.69,64.35
2019-11-28,2516.61,3910.69,64.35
2019-11-29,2516.61,3910.69,64.35
2019-11-30,2516.61,3910.69,64.35
2019-12-01,2519.63,3910.69,64.43
2019-12-02,2513.58,3910.69,64.27
2019-12-03,2513.58,3910.69,64.27
2019-12-04,2507.526,3910.69,64.12
2019-12-05,2510.553,3910.69,64.2
2019-12-06,2513.58,3910.69,64.27
2019-12-07,2513.58,3910.69,64.27
2019-12-08,2510.55,3910.69,64.2
2019-12-09,2507.526,3910.69,64.12
2019-12-10,2504.499,3910.69,64.04
2019-12-11,2504.499,3910.69,64.04
2019-12-12,2504.499,3910.69,64.04
2019-12-13,2504.499,3910.69,64.04
2019-12-14,2504.499,3910.69,64.04
2019-12-15,2504.499,3910.69,64.04
2019-12-16,2501.47,3910.69,63.96
2019-12-17,2495.42,3910.69,63.81
2019-12-18,2486.34,3910.69,63.58
2019-12-19,2483.31,3910.69,63.5
2019-12-20,2480.28,3910.69,63.42
2019-12-21,2474.23,3910.69,63.27
2019-12-22,2474.23,3910.69,63.27
2019-12-23,2471.2,3910.69,63.19
2019-12-24,2465.15,3910.69,63.04
2019-12-25,2459.09,3910.69,62.88
2019-12-26,2456.07,3910.69,62.8
2019-12-27,2456.07,3910.69,62.8
2019-12-28,2450.01,3910.69,62.65
2019-12-29,2450.01,3910.69,62.65
2019-12-30,2443.96,3910.69,62.49
2019-12-31,2440.93,3910.69,62.42
2020-01-01,2437.91,3910.69,62.34
2020-01-02,2434.88,3910.69,62.26
2020-01-03,2434.88,3910.69,62.26
2020-01-04,2425.8,3910.69,62.03
2020-01-05,2419.74,3910.69,61.88
2020-01-06,2413.69,3910.69,61.72
2020-01-07,2413.69,3910.69,61.72
2020-01-08,2407.64,3910.69,61.57
2020-01-09,2401.58,3910.69,61.41
2020-01-10,2398.55,3910.69,61.33
2020-01-11,2392.8,3910.69,61.19
2020-01-12,2386.84,3910.69,61.03
2020-01-13,2384.004,3910.69,60.96
2020-01-14,2375.508,3910.69,60.74
2020-01-15,2369.84,3910.69,60.6
2020-01-16,2369.84,3910.69,60.6
2020-01-17,2367.01,3910.69,60.53
2020-01-18,2367.01,3910.69,60.53
2020-01-19,2364.18,3910.69,60.45
2020-01-20,2358.52,3910.69,60.31
2020-01-21,2352.852,3910.69,60.16
2020-01-22,2344.36,3910.69,59.95
2020-01-23,2347.188,3910.69,60.02
2020-01-24,2335.86,3910.69,59.73
2020-01-25,2341.52,3910.69,59.87
2020-01-26,2335.86,3910.69,59.73
2020-01-27,2333.03,3910.69,59.66
2020-01-28,2327.36,3910.69,59.51
2020-01-29,2327.36,3910.69,59.51
2020-01-30,2321.7,3910.69,59.37
2020-01-31,2318.87,3910.69,59.3
2020-02-01,2318.87,3910.69,59.3
2020-02-02,2316.04,3910.69,59.22
2020-02-03,2313.2,3910.69,59.15
2020-02-04,2316.04,3910.69,59.22
2020-02-05,2310.37,3910.69,59.08
2020-02-06,2310.37,3910.69,59.08
2020-02-07,2307.54,3910.69,59.01
2020-02-08,2313.2,3910.69,59.15
2020-02-09,2307.54,3910.69,59.01
2020-02-10,2310.372,3910.69,59.08
2020-02-11,2310.372,3910.69,59.08
2020-02-12,2307.54,3910.69,59.01
2020-02-13,2310.37,3910.69,59.08
2020-02-14,2307.54,3910.69,59.01
2020-02-15,2301.88,3910.69,58.86
2020-02-16,2307.54,3910.69,59.01
2020-02-17,2301.88,3910.69,58.86
2020-02-18,2307.54,3910.69,59.01
2020-02-19,2304.71,3910.69,58.93
2020-02-20,2299.04,3910.69,58.79
2020-02-21,2293.38,3910.69,58.64
2020-02-22,2290.55,3910.69,58.57
2020-02-23,2287.72,3910.69,58.5
2020-02-24,2282.052,3910.69,58.35
2020-02-25,2284.884,3910.69,58.43
2020-02-26,2273.556,3910.69,58.14
2020-02-27,2273.556,3910.69,58.14
2020-02-28,2265.06,3910.69,57.92
2020-02-29,2259.4,3910.69,57.77
2020-03-01,2256.56,3910.69,57.7
2020-03-02,2253.732,3910.69,57.63
2020-03-03,2248.068,3910.69,57.49
2020-03-04,2248.068,3910.69,57.49
2020-03-05,2245.236,3910.69,57.41
2020-03-06,2233.91,3910.69,57.12
2020-03-07,2233.91,3910.69,57.12
2020-03-08,2231.08,3910.69,57.05
2020-03-09,2225.41,3910.69,56.91
2020-03-10,2222.58,3910.69,56.83
2020-03-11,2219.75,3910.69,56.76
2020-03-12,2214.08,3910.69,56.62
2020-03-13,2211.25,3910.69,56.54
2020-03-14,2205.59,3910.69,56.4
2020-03-15,2205.59,3910.69,56.4
2020-03-16,2202.76,3910.69,56.33
2020-03-17,2202.76,3910.69,56.33
2020-03-18,2197.092,3910.69,56.18
2020-03-19,2191.428,3910.69,56.04
2020-03-20,2188.596,3910.69,55.96
2020-03-21,2191.43,3910.69,56.04
2020-03-22,2182.93,3910.69,55.82
2020-03-23,2180.1,3910.69,55.75
2020-03-24,2177.268,3910.69,55.67
2020-03-25,2174.436,3910.69,55.6
2020-03-26,2163.11,3910.69,55.31
2020-03-27,2163.11,3910.69,55.31
2020-03-28,2154.61,3910.69,55.1
2020-03-29,2154.61,3910.69,55.1
2020-03-30,2148.95,3910.69,54.95
2020-03-31,2137.62,3910.69,54.66
2020-04-01,2129.12,3910.69,54.44
2020-04-02,2129.12,3910.69,54.44
2020-04-03,2117.8,3910.69,54.15
2020-04-04,2117.8,3910.69,54.15
2020-04-05,2109.3,3910.69,53.94
2020-04-06,2106.658,3910.69,53.87
2020-04-07,2101.374,3910.69,53.73
2020-04-08,2096.09,3910.69,53.6
2020-04-09,2093.45,3910.69,53.53
2020-04-10,2085.52,3910.69,53.33
2020-04-11,2090.81,3910.69,53.46
2020-04-12,2085.52,3910.69,53.33
2020-04-13,2082.88,3910.69,53.26
2020-04-14,2072.31,3910.69,52.99
2020-04-15,2072.31,3910.69,52.99
2020-04-16,2061.74,3910.69,52.72
2020-04-17,2056.46,3910.69,52.59
2020-04-18,2051.18,3910.69,52.45
2020-04-19,2045.89,3910.69,52.32
2020-04-20,2043.25,3910.69,52.25
2020-04-21,2035.32,3910.69,52.05
2020-04-22,2032.68,3910.69,51.98
2020-04-23,2024.76,3910.69,51.78
2020-04-24,2022.11,3910.69,51.71
2020-04-25,2008.9,3910.69,51.37
2020-04-26,2008.9,3910.69,51.37
2020-04-27,2006.27,3910.69,51.3
2020-04-28,1998.34,3910.69,51.1
2020-04-29,1993.05,3910.69,50.96
2020-04-30,1995.694,3910.69,51.03
2020-05-01,1985.13,3910.69,50.76
2020-05-02,1982.48,3910.69,50.69
2020-05-03,1974.56,3910.69,50.49
2020-05-04,1974.56,3910.69,50.49
2020-05-05,1966.632,3910.69,50.29
2020-05-06,1966.632,3910.69,50.29
2020-05-07,1961.35,3910.69,50.15
2020-05-08,1958.71,3910.69,50.09
2020-05-09,1953.42,3910.69,49.95
2020-05-10,1945.5,3910.69,49.75
2020-05-11,1940.21,3910.69,49.61
2020-05-12,1934.93,3910.69,49.48
2020-05-13,1929.64,3910.69,49.34
2020-05-14,1924.36,3910.69,49.21
2020-05-15,1924.36,3910.69,49.21
2020-05-16,1916.43,3910.69,49.0
2020-05-17,1911.15,3910.69,48.87
2020-05-18,1913.79,3910.69,48.94
2020-05-19,1903.22,3910.69,48.67
2020-05-20,1900.58,3910.69,48.6
2020-05-21,1895.3,3910.69,48.46
2020-05-22,1892.66,3910.69,48.4
2020-05-23,1892.66,3910.69,48.4
2020-05-24,1892.66,3910.69,48.4
2020-05-25,1884.73,3910.69,48.19
2020-05-26,1887.37,3910.69,48.26
2020-05-27,1903.22,3910.69,48.67
2020-05-28,1903.224,3910.69,48.67
2020-05-29,1916.43,3910.69,49.0
2020-05-30,1916.43,3910.69,49.0
2020-05-31,1916.43,3910.69,49.0
2020-06-01,1919.08,3910.69,49.07
2020-06-02,1919.08,3910.69,49.07
2020-06-03,1921.72,3910.69,49.14
2020-06-04,1927.0,3910.69,49.28
2020-06-05,1929.64,3910.69,49.34
2020-06-06,1934.93,3910.69,49.48
2020-06-07,1934.93,3910.69,49.48
2020-06-08,1937.57,3910.69,49.55
2020-06-09,1937.57,3910.69,49.55
2020-06-10,1945.5,3910.69,49.75
2020-06-11,1942.85,3910.69,49.68
2020-06-12,1956.06,3910.69,50.02
2020-06-13,1958.71,3910.69,50.09
2020-06-14,1961.35,3910.69,50.15
2020-06-15,1969.27,3910.69,50.36
2020-06-16,1969.27,3910.69,50.36
2020-06-17,1966.63,3910.69,50.29
2020-06-18,1966.63,3910.69,50.29
2020-06-19,1966.63,3910.69,50.29
2020-06-20,1961.35,3910.69,50.15
2020-06-21,1966.63,3910.69,50.29
2020-06-22,1966.63,3910.69,50.29
2020-06-23,1966.63,3910.69,50.29
2020-06-24,1963.99,3910.69,50.22
2020-06-25,1963.99,3910.69,50.22
2020-06-26,1966.63,3910.69,50.29
2020-06-27,1985.13,3910.69,50.76
2020-06-28,1993.05,3910.69,50.96
2020-06-29,1998.34,3910.69,51.1
2020-06-30,2008.9,3910.69,51.37
2020-07-01,2008.9,3910.69,51.37
2020-07-02,2011.55,3910.69,51.44
2020-07-03,2011.55,3910.69,51.44
2020-07-04,2008.9,3910.69,51.37
2020-07-05,2008.9,3910.69,51.37
2020-07-06,2008.9,3910.69,51.37
2020-07-07,2008.9,3910.69,51.37
2020-07-08,2006.26,3910.69,51.3
2020-07-09,2008.9,3910.69,51.37
2020-07-10,2000.98,3910.69,51.17
2020-07-11,2000.98,3910.69,51.17
2020-07-12,1998.34,3910.69,51.1
2020-07-13,1995.69,3910.69,51.03
2020-07-14,1995.69,3910.69,51.03
2020-07-15,1998.34,3910.69,51.1
2020-07-16,1990.41,3910.69,50.9
2020-07-17,1985.13,3910.69,50.76
2020-07-18,1985.13,3910.69,50.76
2020-07-19,1985.13,3910.69,50.76
2020-07-20,1979.84,3910.69,50.63
2020-07-21,1985.13,3910.69,50.76
2020-07-22,1982.48,3910.69,50.69
2020-07-23,1982.48,3910.69,50.69
2020-07-24,1977.2,3910.69,50.56
2020-07-25,1974.56,3910.69,50.49
2020-07-26,1977.2,3910.69,50.56
2020-07-27,1977.2,3910.69,50.56
2020-07-28,1982.48,3910.69,50.69
2020-07-29,1985.13,3910.69,50.76
2020-07-30,1993.05,3910.69,50.96
2020-07-31,1990.41,3910.69,50.9
2020-08-01,1993.05,3910.69,50.96
2020-08-02,1998.34,3910.69,51.1
2020-08-03,1998.34,3910.69,51.1
2020-08-04,1993.052,3910.69,50.96
2020-08-05,1990.41,3910.69,50.9
2020-08-06,1993.052,3910.69,50.96
2020-08-07,1993.052,3910.69,50.96
2020-08-08,1995.69,3910.69,51.03
2020-08-09,1993.05,3910.69,50.96
2020-08-10,1990.41,3910.69,50.9
2020-08-11,1993.05,3910.69,50.96
2020-08-12,1987.77,3910.69,50.83
2020-08-13,1985.13,3910.69,50.76
2020-08-14,1985.13,3910.69,50.76
2020-08-15,1985.13,3910.69,50.76
2020-08-16,1985.13,3910.69,50.76
2020-08-17,1982.48,3910.69,50.69
2020-08-18,1982.48,3910.69,50.69
2020-08-19,1982.48,3910.69,50.69
2020-08-20,1982.48,3910.69,50.69
2020-08-21,1982.48,3910.69,50.69
2020-08-22,1982.48,3910.69,50.69
2020-08-23,1982.48,3910.69,50.69
2020-08-24,1982.48,3910.69,50.69
2020-08-25,1982.48,3910.69,50.69
2020-08-26,1982.48,3910.69,50.69
2020-08-27,1982.48,3910.69,50.69
2020-08-28,1982.48,3910.69,50.69
2020-08-29,1982.48,3910.69,50.69
2020-08-30,1982.48,3910.69,50.69
2020-08-31,1982.48,3910.69,50.69
2020-09-01,1982.48,3910.69,50.69
2020-09-02,1982.48,3910.69,50.69
2020-09-03,1982.48,3910.69,50.69
2020-09-04,1982.48,3910.69,50.69
2020-09-05,1982.48,3910.69,50.69
2020-09-06,1982.48,3910.69,50.69
2020-09-07,1982.48,3910.69,50.69
2020-09-08,1982.48,3910.69,50.69
2020-09-09,1982.48,3910.69,50.69
2020-09-10,1982.48,3910.69,50.69
2020-09-11,1982.48,3910.69,50.69
2020-09-12,1982.48,3910.69,50.69
2020-09-13,1982.48,3910.69,50.69
2020-09-14,1982.48,3910.69,50.69
2020-09-15,1982.48,3910.69,50.69
2020-09-16,2037.97,3910.69,52.11
2020-09-17,2053.82,3910.69,52.52
2020-09-18,2069.67,3910.69,52.92
2020-09-19,2082.88,3910.69,53.26
2020-09-20,2093.45,3910.69,53.53
2020-09-21,2093.45,3910.69,53.53
2020-09-22,2093.45,3910.69,53.53
2020-09-23,2093.45,3910.69,53.53
2020-09-24,2093.45,3910.69,53.53
2020-09-25,2093.45,3910.69,53.53
2020-09-26,2137.62,3910.69,54.66
2020-09-27,2137.62,3910.69,54.66
2020-09-28,2137.62,3910.69,54.66
2020-09-29,2140.45,3910.69,54.73
2020-09-30,2140.45,3910.69,54.73
2020-10-01,2140.45,3910.69,54.73
2020-10-02,2140.45,3910.69,54.73
2020-10-03,2140.45,3910.69,54.73
2020-10-04,2140.45,3910.69,54.73
2020-10-05,2140.45,3910.69,54.73
2020-10-06,2140.45,3910.69,54.73
2020-10-07,2140.45,3910.69,54.73
2020-10-08,2140.45,3910.69,54.73
2020-10-09,2140.45,3910.69,54.73
2020-10-10,2140.45,3910.69,54.73
2020-10-11,2140.45,3910.69,54.73
2020-10-12,2140.45,3910.69,54.73
2020-10-13,2140.45,3910.69,54.73
2020-10-14,2140.45,3910.69,54.73
2020-10-15,2140.45,3910.69,54.73
2020-10-16,2140.45,3910.69,54.73
2020-10-17,2140.45,3910.69,54.73
2020-10-18,2140.45,3910.69,54.73
2020-10-19,2140.45,3910.69,54.73
2020-10-20,2140.45,3910.69,54.73
2020-10-21,2140.45,3910.69,54.73
2020-10-22,2140.45,3910.69,54.73
2020-10-23,2140.45,3910.69,54.73
2020-10-24,2140.45,3910.69,54.73
2020-10-25,2140.45,3910.69,54.73
2020-10-26,2140.45,3910.69,54.73
2020-10-27,2140.45,3910.69,54.73
2020-10-28,2140.45,3910.69,54.73
2020-10-29,2134.79,3910.69,54.59
2020-10-30,2134.79,3910.69,54.59
2020-10-31,2134.79,3910.69,54.59
2020-11-01,2134.79,3910.69,54.59
2020-11-02,2134.79,3910.69,54.59
2020-11-03,2134.79,3910.69,54.59
2020-11-04,2134.79,3910.69,54.59
2020-11-05,2134.79,3910.69,54.59
2020-11-06,2134.79,3910.69,54.59
2020-11-07,2134.79,3910.69,54.59
2020-11-08,2134.79,3910.69,54.59
2020-11-09,2112.13,3910.69,54.01
2020-11-10,2112.13,3910.69,54.01
2020-11-11,2112.13,3910.69,54.01
2020-11-12,2112.13,3910.69,54.01
2020-11-13,2112.13,3910.69,54.01
2020-11-14,2112.13,3910.69,54.01
2020-11-15,2112.13,3910.69,54.01
2020-11-16,2109.3,3910.69,53.94
2020-11-17,2109.3,3910.69,53.94
2020-11-18,2109.3,3910.69,53.94
2020-11-19,2109.3,3910.69,53.94
2020-11-20,2109.3,3910.69,53.94
2020-11-21,2109.3,3910.69,53.94
2020-11-22,2109.3,3910.69,53.94
2020-11-23,2109.3,3910.69,53.94
2020-11-24,2109.3,3910.69,53.94
2020-11-25,2109.3,3910.69,53.94
2020-11-26,2109.3,3910.69,53.94
2020-11-27,2109.3,3910.69,53.94
2020-11-28,2109.3,3910.69,53.94
2020-11-29,2109.3,3910.69,53.94
2020-11-30,2109.3,3910.69,53.94
2020-12-01,2109.3,3910.69,53.94
2020-12-02,2109.3,3910.69,53.94
2020-12-03,2077.6,3910.69,53.13
2020-12-04,2077.6,3910.69,53.13
2020-12-05,2077.6,3910.69,53.13
2020-12-06,2072.31,3910.69,52.99
2020-12-07,2074.95,3910.69,53.06
2020-12-08,2072.31,3910.69,52.99
2020-12-09,2069.67,3910.69,52.92
2020-12-10,2061.74,3910.69,52.72
2020-12-11,2059.1,3910.69,52.65
2020-12-12,2056.46,3910.69,52.59
2020-12-13,2051.18,3910.69,52.45
2020-12-14,2048.53,3910.69,52.38
2020-12-15,2037.97,3910.69,52.11
2020-12-16,2035.32,3910.69,52.05
2020-12-17,2032.68,3910.69,51.98
2020-12-18,2024.76,3910.69,51.78
2020-12-19,2019.47,3910.69,51.64
2020-12-20,2019.47,3910.69,51.64
2020-12-21,2016.83,3910.69,51.57
2020-12-22,2008.9,3910.69,51.37
2020-12-23,2006.26,3910.69,51.3
2020-12-24,1993.05,3910.69,50.96
2020-12-25,1993.05,3910.69,50.96
2020-12-26,1993.05,3910.69,50.96
2020-12-27,1982.48,3910.69,50.69
2020-12-28,1974.56,3910.69,50.49
2020-12-29,1971.92,3910.69,50.42
2020-12-30,1971.92,3910.69,50.42
2020-12-31,1966.63,3910.69,50.29
2021-01-01,1956.06,3910.69,50.02
2021-01-02,1953.42,3910.69,49.95
2021-01-03,1948.14,3910.69,49.82
2021-01-04,1945.5,3910.69,49.75
2021-01-05,1940.21,3910.69,49.61
2021-01-06,1934.93,3910.69,49.48
2021-01-07,1929.64,3910.69,49.34
2021-01-08,1924.36,3910.69,49.21
2021-01-09,1916.43,3910.69,49.0
2021-01-10,1916.43,3910.69,49.0
2021-01-11,1908.51,3910.69,48.8
2021-01-12,1900.58,3910.69,48.6
2021-01-13,1897.94,3910.69,48.53
2021-01-14,1892.66,3910.69,48.4
2021-01-15,1884.73,3910.69,48.19
2021-01-16,1879.45,3910.69,48.06
2021-01-17,1874.16,3910.69,47.92
2021-01-18,1874.16,3910.69,47.92
2021-01-19,1866.24,3910.69,47.72
2021-01-20,1863.594,3910.69,47.65
2021-01-21,1860.95,3910.69,47.59
2021-01-22,1860.95,3910.69,47.59
2021-01-23,1853.03,3910.69,47.38
2021-01-24,1850.38,3910.69,47.32
2021-01-25,1845.1,3910.69,47.18
2021-01-26,1845.1,3910.69,47.18
2021-01-27,1845.1,3910.69,47.18
2021-01-28,1842.65,3910.69,47.12
2021-01-29,1837.73,3910.69,46.99
2021-01-30,1837.73,3910.69,46.99
2021-01-31,1837.73,3910.69,46.99
2021-02-01,1840.19,3910.69,47.06
2021-02-02,1840.19,3910.69,47.06
2021-02-03,1835.28,3910.69,46.93
2021-02-04,1835.28,3910.69,46.93
2021-02-05,1837.73,3910.69,46.99
2021-02-06,1830.37,3910.69,46.8
2021-02-07,1835.28,3910.69,46.93
2021-02-08,1835.28,3910.69,46.93
2021-02-09,1830.37,3910.69,46.8
2021-02-10,1835.28,3910.69,46.93
2021-02-11,1832.82,3910.69,46.87
2021-02-12,1835.28,3910.69,46.93
2021-02-13,1835.28,3910.69,46.93
2021-02-14,1832.82,3910.69,46.87
2021-02-15,1835.28,3910.69,46.93
2021-02-16,1830.37,3910.69,46.8
2021-02-17,1827.92,3910.69,46.74
2021-02-18,1830.37,3910.69,46.8
2021-02-19,1835.28,3910.69,46.93
2021-02-20,1827.92,3910.69,46.74
2021-02-21,1823.01,3910.69,46.62
2021-02-22,1820.55,3910.69,46.55
2021-02-23,1823.01,3910.69,46.62
2021-02-24,1820.55,3910.69,46.55
2021-02-25,1825.46,3910.69,46.68
2021-02-26,1823.01,3910.69,46.62
2021-02-27,1823.01,3910.69,46.62
2021-02-28,1823.01,3910.69,46.62
2021-03-01,1823.01,3910.69,46.62
2021-03-02,1823.01,3910.69,46.62
2021-03-03,1820.55,3910.69,46.55
2021-03-04,1820.55,3910.69,46.55
2021-03-05,1818.09,3910.69,46.49
2021-03-06,1818.09,3910.69,46.49
2021-03-07,1818.09,3910.69,46.49
2021-03-08,1818.09,3910.69,46.49
2021-03-09,1813.185,3910.69,46.36
2021-03-10,1805.82,3910.69,46.18
2021-03-11,1805.82,3910.69,46.18
2021-03-12,1805.82,3910.69,46.18
2021-03-13,1798.45,3910.69,45.99
2021-03-14,1796.0,3910.69,45.93
2021-03-15,1791.09,3910.69,45.8
2021-03-16,1783.72,3910.69,45.61
2021-03-17,1783.72,3910.69,45.61
2021-03-18,1778.81,3910.69,45.49
2021-03-19,1771.45,3910.69,45.3
2021-03-20,1766.54,3910.69,45.17
2021-03-21,1761.63,3910.69,45.05
2021-03-22,1754.27,3910.69,44.86
2021-03-23,1754.27,3910.69,44.86
2021-03-24,1744.44,3910.69,44.61
2021-03-25,1737.08,3910.69,44.42
2021-03-26,1737.08,3910.69,44.42
2021-03-27,1729.71,3910.69,44.23
2021-03-28,1729.71,3910.69,44.23
2021-03-29,1722.35,3910.69,44.04
2021-03-30,1714.98,3910.69,43.85
2021-03-31,1712.53,3910.69,43.79
2021-04-01,1707.62,3910.69,43.67
2021-04-02,1705.17,3910.69,43.6
2021-04-03,1697.8,3910.69,43.41
2021-04-04,1692.89,3910.69,43.29
2021-04-05,1687.98,3910.69,43.16
2021-04-06,1683.07,3910.69,43.04
2021-04-07,1675.7,3910.69,42.85
2021-04-08,1668.34,3910.69,42.66
2021-04-09,1665.89,3910.69,42.6
2021-04-10,1663.43,3910.69,42.54
2021-04-11,1656.07,3910.69,42.35
2021-04-12,1648.7,3910.69,42.16
2021-04-13,1643.79,3910.69,42.03
2021-04-14,1638.88,3910.69,41.91
2021-04-15,1638.88,3910.69,41.91
2021-04-16,1629.06,3910.69,41.66
2021-04-17,1621.69,3910.69,41.47
2021-04-18,1614.33,3910.69,41.28
2021-04-19,1614.33,3910.69,41.28
2021-04-20,1604.51,3910.69,41.03
2021-04-21,1604.51,3910.69,41.03
2021-04-22,1590.52,3910.69,40.67
2021-04-23,1585.97,3910.69,40.55
2021-04-24,1583.7,3910.69,40.5
2021-04-25,1576.89,3910.69,40.32
2021-04-26,1572.35,3910.69,40.21
2021-04-27,1565.54,3910.69,40.03
2021-04-28,1560.99,3910.69,39.92
2021-04-29,1554.18,3910.69,39.74
2021-04-30,1549.64,3910.69,39.63
2021-05-01,1547.37,3910.69,39.57
2021-05-02,1542.82,3910.69,39.45
2021-05-03,1538.28,3910.69,39.34
2021-05-04,1533.74,3910.69,39.22
2021-05-05,1524.66,3910.69,38.99
2021-05-06,1522.39,3910.69,38.93
2021-05-07,1517.84,3910.69,38.81
2021-05-08,1508.76,3910.69,38.58
2021-05-09,1506.49,3910.69,38.52
2021-05-10,1499.68,3910.69,38.35
2021-05-11,1497.41,3910.69,38.29
2021-05-12,1486.05,3910.69,38.0
2021-05-13,1486.05,3910.69,38.0
2021-05-14,1479.24,3910.69,37.83
2021-05-15,1479.24,3910.69,37.83
2021-05-16,1479.24,3910.69,37.83
2021-05-17,1481.51,3910.69,37.88
2021-05-18,1479.24,3910.69,37.83
2021-05-19,1476.97,3910.69,37.77
2021-05-20,1476.97,3910.69,37.77
2021-05-21,1472.42,3910.69,37.65
2021-05-22,1470.15,3910.69,37.59
2021-05-23,1472.42,3910.69,37.65
2021-05-24,1470.15,3910.69,37.59
2021-05-25,1467.88,3910.69,37.54
2021-05-26,1467.88,3910.69,37.54
2021-05-27,1461.07,3910.69,37.36
2021-05-28,1463.34,3910.69,37.42
2021-05-29,1461.07,3910.69,37.36
2021-05-30,1456.53,3910.69,37.24
2021-05-31,1449.71,3910.69,37.07
2021-06-01,1449.71,3910.69,37.07
2021-06-02,1447.443,3910.69,37.01
2021-06-03,1449.71,3910.69,37.07
2021-06-04,1449.71,3910.69,37.07
2021-06-05,1449.71,3910.69,37.07
2021-06-06,1447.44,3910.69,37.01
2021-06-07,1449.71,3910.69,37.07
2021-06-08,1447.44,3910.69,37.01
2021-06-09,1447.44,3910.69,37.01
2021-06-10,1447.44,3910.69,37.01
2021-06-11,1445.17,3910.69,36.95
2021-06-12,1442.9,3910.69,36.9
2021-06-13,1440.63,3910.69,36.84
2021-06-14,1440.63,3910.69,36.84
2021-06-15,1438.36,3910.69,36.78
2021-06-16,1442.9,3910.69,36.9
2021-06-17,1442.9,3910.69,36.9
2021-06-18,1447.44,3910.69,37.01
2021-06-19,1445.17,3910.69,36.95
2021-06-20,1442.9,3910.69,36.9
2021-06-21,1438.36,3910.69,36.78
2021-06-22,1438.36,3910.69,36.78
2021-06-23,1438.36,3910.69,36.78
2021-06-24,1440.63,3910.69,36.84
2021-06-25,1440.63,3910.69,36.84
2021-06-26,1433.82,3910.69,36.66
2021-06-27,1433.82,3910.69,36.66
2021-06-28,1438.36,3910.69,36.78
2021-06-29,1438.36,3910.69,36.78
2021-06-30,1436.09,3910.69,36.72
2021-07-01,1442.9,3910.69,36.9
2021-07-02,1442.9,3910.69,36.9
2021-07-03,1445.17,3910.69,36.95
2021-07-04,1440.63,3910.69,36.84
2021-07-05,1442.9,3910.69,36.9
2021-07-06,1442.9,3910.69,36.9
2021-07-07,1447.44,3910.69,37.01
2021-07-08,1451.98,3910.69,37.13
2021-07-09,1458.8,3910.69,37.3
2021-07-10,1465.61,3910.69,37.48
2021-07-11,1470.15,3910.69,37.59
2021-07-12,1470.15,3910.69,37.59
2021-07-13,1479.24,3910.69,37.83
2021-07-14,1479.24,3910.69,37.83
2021-07-15,1476.97,3910.69,37.77
2021-07-16,1479.24,3910.69,37.83
2021-07-17,1479.24,3910.69,37.83
2021-07-18,1479.24,3910.69,37.83
2021-07-19,1479.24,3910.69,37.83
2021-07-20,1474.69,3910.69,37.71
2021-07-21,1476.97,3910.69,37.77
2021-07-22,1481.51,3910.69,37.88
2021-07-23,1481.51,3910.69,37.88
2021-07-24,1479.24,3910.69,37.83
2021-07-25,1476.97,3910.69,37.77
2021-07-26,1479.24,3910.69,37.83
2021-07-27,1479.24,3910.69,37.83
2021-07-28,1479.24,3910.69,37.83
2021-07-29,1479.24,3910.69,37.83
2021-07-30,1479.24,3910.69,37.83
2021-07-31,1479.24,3910.69,37.83
2021-08-01,1474.69,3910.69,37.71
2021-08-02,1476.97,3910.69,37.77
2021-08-03,1474.69,3910.69,37.71
2021-08-04,1479.24,3910.69,37.83
2021-08-05,1476.97,3910.69,37.77
2021-08-06,1476.97,3910.69,37.77
2021-08-07,1472.42,3910.69,37.65
2021-08-08,1472.42,3910.69,37.65
2021-08-09,1474.69,3910.69,37.71
2021-08-10,1474.69,3910.69,37.71
2021-08-11,1474.69,3910.69,37.71
2021-08-12,1470.15,3910.69,37.59
2021-08-13,1467.88,3910.69,37.54
2021-08-14,1467.88,3910.69,37.54
2021-08-15,1470.15,3910.69,37.59
2021-08-16,1470.15,3910.69,37.59
2021-08-18,1461.07,3910.69,37.36
2021-08-19,1461.07,3910.69,37.36
2021-08-20,1461.07,3910.69,37.36
2021-08-21,1463.34,3910.69,37.42
2021-08-22,1467.88,3910.69,37.54
2021-08-23,1470.15,3910.69,37.59
2021-08-24,1467.88,3910.69,37.54
2021-08-25,1467.88,3910.69,37.54
2021-08-26,1465.61,3910.69,37.48
2021-08-27,1467.88,3910.69,37.54
2021-08-28,1470.15,3910.69,37.59
2021-08-29,1470.15,3910.69,37.59
2021-08-30,1467.88,3910.69,37.54
2021-08-31,1465.61,3910.69,37.48
2021-09-01,1467.88,3910.69,37.54
2021-09-02,1465.61,3910.69,37.48
2021-09-03,1465.61,3910.69,37.48
2021-09-04,1463.34,3910.69,37.42
2021-09-05,1463.34,3910.69,37.42
2021-09-06,1461.07,3910.69,37.36
2021-09-07,1461.07,3910.69,37.36
2021-09-08,1461.07,3910.69,37.36
2021-09-09,1461.07,3910.69,37.36
2021-09-10,1456.53,3910.69,37.24
2021-09-11,1454.26,3910.69,37.19
2021-09-12,1454.26,3910.69,37.19
2021-09-13,1454.26,3910.69,37.19
2021-09-14,1449.71,3910.69,37.07
2021-09-15,1449.71,3910.69,37.07
2021-09-16,1454.26,3910.69,37.19
2021-09-17,1456.53,3910.69,37.24
2021-09-18,1454.26,3910.69,37.19
2021-09-19,1454.26,3910.69,37.19
2021-09-20,1451.98,3910.69,37.13
2021-09-21,1454.26,3910.69,37.19
2021-09-22,1449.71,3910.69,37.07
2021-09-23,1454.26,3910.69,37.19
2021-09-24,1451.98,3910.69,37.13
2021-09-25,1454.26,3910.69,37.19
2021-09-26,1454.26,3910.69,37.19
2021-09-27,1449.71,3910.69,37.07
2021-09-28,1447.44,3910.69,37.01
2021-09-29,1451.985,3910.69,37.13
2021-09-30,1461.07,3910.69,37.36
2021-10-01,1454.26,3910.69,37.19
2021-10-02,1458.8,3910.69,37.3
2021-10-03,1470.15,3910.69,37.59
2021-10-04,1474.69,3910.69,37.71
2021-10-05,1479.24,3910.69,37.83
2021-10-06,1483.78,3910.69,37.94
2021-10-07,1486.05,3910.69,38.0
2021-10-08,1490.59,3910.69,38.12
2021-10-09,1490.59,3910.69,38.12
2021-10-10,1492.86,3910.69,38.17
2021-10-11,1490.59,3910.69,38.12
2021-10-12,1486.05,3910.69,38.0
2021-10-13,1492.86,3910.69,38.17
2021-10-14,1492.86,3910.69,38.17
2021-10-15,1492.86,3910.69,38.17
2021-10-16,1486.05,3910.69,38.0
2021-10-17,1490.59,3910.69,38.12
2021-10-18,1492.86,3910.69,38.17
2021-10-19,1492.86,3910.69,38.17
2021-10-20,1495.13,3910.69,38.23
2021-10-21,1497.41,3910.69,38.29
2021-10-22,1499.68,3910.69,38.35
2021-10-23,1506.49,3910.69,38.52
2021-10-24,1501.95,3910.69,38.41
2021-10-25,1506.49,3910.69,38.52
2021-10-26,1504.22,3910.69,38.46
2021-10-27,1504.22,3910.69,38.46
2021-10-29,1506.49,3910.69,38.52
2021-10-30,1504.22,3910.69,38.46
2021-10-31,1499.68,3910.69,38.35
2021-11-01,1504.22,3910.69,38.46
2021-11-02,1504.22,3910.69,38.46
2021-11-03,1499.68,3910.69,38.35
2021-11-04,1499.68,3910.69,38.35
2021-11-05,1499.68,3910.69,38.35
2021-11-06,1499.68,3910.69,38.35
2021-11-07,1501.95,3910.69,38.41
2021-11-08,1499.68,3910.69,38.35
2021-11-09,1499.68,3910.69,38.35
2021-11-10,1497.41,3910.69,38.29
2021-11-11,1497.41,3910.69,38.29
2021-11-12,1497.41,3910.69,38.29
2021-11-13,1497.41,3910.69,38.29
2021-11-14,1499.68,3910.69,38.35
2021-11-15,1499.68,3910.69,38.35
2021-11-16,1501.95,3910.69,38.41
2021-11-17,1501.95,3910.69,38.41
2021-11-18,1501.95,3910.69,38.41
2021-11-19,1497.41,3910.69,38.29
2021-11-20,1497.41,3910.69,38.29
2021-11-21,1495.13,3910.69,38.23
2021-11-22,1495.13,3910.69,38.23
2021-11-23,1495.13,3910.69,38.23
2021-11-24,1495.13,3910.69,38.23
2021-11-25,1495.13,3910.69,38.23
2021-11-26,1495.13,3910.69,38.23
2021-11-27,1495.13,3910.69,38.23
2021-11-28,1492.86,3910.69,38.17
2021-11-29,1495.13,3910.69,38.23
2021-11-30,1495.13,3910.69,38.23
2021-12-01,1495.13,3910.69,38.23
2021-12-02,1492.86,3910.69,38.17
2021-12-03,1490.59,3910.69,38.12
2021-12-04,1486.05,3910.69,38.0
2021-12-05,1486.05,3910.69,38.0
2021-12-06,1492.86,3910.69,38.17
2021-12-07,1486.05,3910.69,38.0
2021-12-08,1492.86,3910.69,38.17
2021-12-09,1490.59,3910.69,38.12
2021-12-10,1492.86,3910.69,38.17
2021-12-11,1490.59,3910.69,38.12
2021-12-12,1483.78,3910.69,37.94
2021-12-13,1486.05,3910.69,38.0
2021-12-14,1488.32,3910.69,38.06
2021-12-15,1476.97,3910.69,37.77
2021-12-16,1474.69,3910.69,37.71
2021-12-17,1472.42,3910.69,37.65
2021-12-18,1470.15,3910.69,37.59
2021-12-19,1463.34,3910.69,37.42
2021-12-20,1458.8,3910.69,37.3
2021-12-21,1454.26,3910.69,37.19
2021-12-22,1449.71,3910.69,37.07
2021-12-23,1445.17,3910.69,36.95
2021-12-24,1440.63,3910.69,36.84
2021-12-25,1436.09,3910.69,36.72
2021-12-26,1431.55,3910.69,36.61
2021-12-27,1429.28,3910.69,36.55
2021-12-28,1422.46,3910.69,36.37
2021-12-29,1422.46,3910.69,36.37
2021-12-30,1415.65,3910.69,36.2
2021-12-31,1415.65,3910.69,36.2
2022-01-01,1402.02,3910.69,35.85
2022-01-02,1402.02,3910.69,35.85
2022-01-03,1395.21,3910.69,35.68
2022-01-04,1388.4,3910.69,35.5
2022-01-05,1383.85,3910.69,35.39
2022-01-06,1381.58,3910.69,35.33
2022-01-07,1377.04,3910.69,35.21
2022-01-08,1372.5,3910.69,35.1
2022-01-09,1366.05,3910.69,34.93
2022-01-10,1363.9,3910.69,34.88
2022-01-11,1357.45,3910.69,34.71
2022-01-12,1351.0,3910.69,34.55
2022-01-13,1351.0,3910.69,34.55
2022-01-14,1346.7,3910.69,34.44
2022-01-15,1338.1,3910.69,34.22
2022-01-16,1335.95,3910.69,34.16
2022-01-17,1331.65,3910.69,34.05
2022-01-18,1325.2,3910.69,33.89
2022-01-19,1320.9,3910.69,33.78
2022-01-20,1320.9,3910.69,33.78
2022-01-21,1312.3,3910.69,33.56
2022-01-22,1305.85,3910.69,33.39
2022-01-23,1299.4,3910.69,33.23
2022-01-24,1299.4,3910.69,33.23
2022-01-25,1297.25,3910.69,33.17
2022-01-26,1292.95,3910.69,33.06
2022-01-27,1288.65,3910.69,32.95
2022-01-28,1284.35,3910.69,32.84
2022-01-29,1282.2,3910.69,32.79
2022-01-30,1280.05,3910.69,32.73
2022-01-31,1280.05,3910.69,32.73
2022-02-01,1280.05,3910.69,32.73
2022-02-02,1280.05,3910.69,32.73
2022-02-03,1280.05,3910.69,32.73
2022-02-04,1275.75,3910.69,32.62
2022-02-05,1275.75,3910.69,32.62
2022-02-06,1275.75,3910.69,32.62
2022-02-07,1273.6,3910.69,32.57
2022-02-08,1277.9,3910.69,32.68
2022-02-09,1277.9,3910.69,32.68
2022-02-10,1275.75,3910.69,32.62
2022-02-11,1271.45,3910.69,32.51
2022-02-12,1271.45,3910.69,32.51
2022-02-13,1275.75,3910.69,32.62
2022-02-14,1273.6,3910.69,32.57
2022-02-15,1269.3,3910.69,32.46
2022-02-16,1273.6,3910.69,32.57
2022-02-17,1271.45,3910.69,32.51
2022-02-18,1271.45,3910.69,32.51
2022-02-19,1271.45,3910.69,32.51
2022-02-20,1271.45,3910.69,32.51
2022-02-21,1271.45,3910.69,32.51
2022-02-22,1269.3,3910.69,32.46
2022-02-23,1269.3,3910.69,32.46
2022-02-24,1265.0,3910.69,32.35
2022-02-25,1265.0,3910.69,32.35
2022-02-26,1265.0,3910.69,32.35
2022-02-27,1262.99,3910.69,32.3
2022-02-28,1256.95,3910.69,32.14
2022-03-01,1252.93,3910.69,32.04
2022-03-02,1246.89,3910.69,31.88
2022-03-03,1240.86,3910.69,31.73
2022-03-04,1238.84,3910.69,31.68
2022-03-05,1234.81,3910.69,31.58
2022-03-06,1230.8,3910.69,31.47
2022-03-07,1228.78,3910.69,31.42
2022-03-08,1224.76,3910.69,31.32
2022-03-09,1222.75,3910.69,31.27
2022-03-10,1218.72,3910.69,31.16
2022-03-11,1218.72,3910.69,31.16
2022-03-12,1206.65,3910.69,30.86
2022-03-13,1208.66,3910.69,30.91
2022-03-14,1204.64,3910.69,30.8
2022-03-15,1200.62,3910.69,30.7
2022-03-16,1196.59,3910.69,30.6
2022-03-17,1196.59,3910.69,30.6
2022-03-18,1192.57,3910.69,30.5
2022-03-19,1190.56,3910.69,30.44
2022-03-20,1190.56,3910.69,30.44
2022-03-21,1184.52,3910.69,30.29
2022-03-22,1182.51,3910.69,30.24
2022-03-23,1178.48,3910.69,30.13
2022-03-24,1174.46,3910.69,30.03
2022-03-25,1168.42,3910.69,29.88
2022-03-26,1170.44,3910.69,29.93
2022-03-27,1166.41,3910.69,29.83
2022-03-28,1160.62,3910.69,29.68
2022-03-29,1158.74,3910.69,29.63
2022-03-30,1151.18,3910.69,29.44
2022-03-31,1151.18,3910.69,29.44
2022-04-01,1147.41,3910.69,29.34
2022-04-02,1145.52,3910.69,29.29
2022-04-03,1141.74,3910.69,29.2
2022-04-04,1136.08,3910.69,29.05
2022-04-05,1126.64,3910.69,28.81
2022-04-06,1128.53,3910.69,28.86
2022-04-07,1120.98,3910.69,28.66
2022-04-08,1115.31,3910.69,28.52
2022-04-09,1109.65,3910.69,28.37
2022-04-10,1100.21,3910.69,28.13
2022-04-11,1094.54,3910.69,27.99
2022-04-12,1090.77,3910.69,27.89
2022-04-13,1088.88,3910.69,27.84
2022-04-14,1083.22,3910.69,27.7
2022-04-15,1077.55,3910.69,27.55
2022-04-16,1071.89,3910.69,27.41
2022-04-17,1064.31,3910.69,27.22
2022-04-18,1060.52,3910.69,27.12
2022-04-19,1054.83,3910.69,26.97
2022-04-20,1049.14,3910.69,26.83
2022-04-21,1045.35,3910.69,26.73
2022-04-22,1037.77,3910.69,26.54
2022-04-23,1033.98,3910.69,26.44
2022-04-24,1028.29,3910.69,26.29
2022-04-25,1020.7,3910.69,26.1
2022-04-26,1026.39,3910.69,26.25
2022-04-27,1020.7,3910.69,26.1
2022-04-28,1016.91,3910.69,26.0
2022-04-29,1011.22,3910.69,25.86
2022-04-30,1011.22,3910.69,25.86
2022-05-01,997.952,3910.69,25.52
2022-05-02,996.056,3910.69,25.47
2022-05-03,992.264,3910.69,25.37
2022-05-04,988.472,3910.69,25.28
2022-05-05,982.784,3910.69,25.13
2022-05-06,977.096,3910.69,24.99
2022-05-07,975.2,3910.69,24.94
2022-05-08,969.788,3910.69,24.8
2022-05-09,964.376,3910.69,24.66
2022-05-10,958.964,3910.69,24.52
2022-05-11,955.356,3910.69,24.43
2022-05-12,949.944,3910.69,24.29
2022-05-13,944.532,3910.69,24.15
2022-05-14,937.316,3910.69,23.97
2022-05-15,931.904,3910.69,23.83
2022-05-16,928.269,3910.69,23.74
2022-05-17,921.08,3910.69,23.55
2022-05-18,913.864,3910.69,23.37
2022-05-19,912.06,3910.69,23.32
2022-05-20,906.648,3910.69,23.18
2022-05-21,901.236,3910.69,23.05
2022-05-22,895.824,3910.69,22.91
2022-05-23,890.412,3910.69,22.77
2022-05-24,883.398,3910.69,22.59
2022-05-25,878.592,3910.69,22.47
2022-05-26,872.184,3910.69,22.3
2022-05-27,870.582,3910.69,22.26
2022-05-28,867.378,3910.69,22.18
2022-05-29,864.174,3910.69,22.1
2022-05-30,859.368,3910.69,21.97
2022-05-31,857.766,3910.69,21.93
2022-06-01,852.96,3910.69,21.81
2022-06-02,849.756,3910.69,21.73
2022-06-03,846.552,3910.69,21.65
2022-06-04,844.95,3910.69,21.61
2022-06-05,841.746,3910.69,21.52
2022-06-06,841.746,3910.69,21.52
2022-06-07,840.144,3910.69,21.48
2022-06-08,838.542,3910.69,21.44
2022-06-09,836.94,3910.69,21.4
2022-06-10,835.338,3910.69,21.36
2022-06-11,835.338,3910.69,21.36
2022-06-12,835.338,3910.69,21.36
2022-06-13,833.736,3910.69,21.32
2022-06-14,830.532,3910.69,21.24
2022-06-15,830.532,3910.69,21.24
2022-06-16,830.532,3910.69,21.24
2022-06-17,828.93,3910.69,21.2
2022-06-18,827.328,3910.69,21.16
2022-06-19,827.328,3910.69,21.16
2022-06-20,825.726,3910.69,21.11
2022-06-21,824.124,3910.69,21.07
2022-06-22,825.726,3910.69,21.11
2022-06-23,828.93,3910.69,21.2
2022-06-24,827.328,3910.69,21.16
2022-06-25,825.726,3910.69,21.11
2022-06-26,825.726,3910.69,21.11
2022-06-27,824.124,3910.69,21.07
2022-06-28,824.124,3910.69,21.07
2022-06-29,822.522,3910.69,21.03
2022-06-30,822.522,3910.69,21.03
2022-07-01,819.318,3910.69,20.95
2022-07-02,819.318,3910.69,20.95
2022-07-03,819.318,3910.69,20.95
2022-07-04,817.716,3910.69,20.91
2022-07-05,817.716,3910.69,20.91
2022-07-06,814.512,3910.69,20.83
2022-07-07,814.512,3910.69,20.83
2022-07-08,812.91,3910.69,20.79
2022-07-09,811.308,3910.69,20.75
2022-07-10,809.706,3910.69,20.7
2022-07-11,808.104,3910.69,20.66
2022-07-12,808.104,3910.69,20.66
2022-07-13,806.502,3910.69,20.62
2022-07-14,804.9,3910.69,20.58
2022-07-15,803.362,3910.69,20.54
2022-07-16,803.362,3910.69,20.54
2022-07-17,801.824,3910.69,20.5
2022-07-18,801.824,3910.69,20.5
2022-07-19,798.748,3910.69,20.42
2022-07-20,798.748,3910.69,20.42
2022-07-21,797.21,3910.69,20.39
2022-07-22,795.672,3910.69,20.35
2022-07-23,794.134,3910.69,20.31
2022-07-24,791.058,3910.69,20.23
2022-07-25,791.058,3910.69,20.23
2022-07-26,791.058,3910.69,20.23
2022-07-27,791.058,3910.69,20.23
2022-07-28,791.058,3910.69,20.23
2022-07-29,787.982,3910.69,20.15
2022-07-30,787.982,3910.69,20.15
2022-07-31,787.982,3910.69,20.15
2022-08-01,786.444,3910.69,20.11
2022-08-02,786.444,3910.69,20.11
2022-08-03,786.444,3910.69,20.11
2022-08-04,783.368,3910.69,20.03
2022-08-05,783.368,3910.69,20.03
2022-08-06,781.83,3910.69,19.99
2022-08-07,780.292,3910.69,19.95
2022-08-08,780.292,3910.69,19.95
2022-08-09,778.754,3910.69,19.91
2022-08-10,777.216,3910.69,19.87
2022-08-11,777.216,3910.69,19.87
2022-08-12,787.982,3910.69,20.15
2022-08-13,777.216,3910.69,19.87
2022-08-14,774.14,3910.69,19.8
2022-08-15,774.14,3910.69,19.8
2022-08-16,775.678,3910.69,19.83
2022-08-17,774.14,3910.69,19.8
2022-08-18,771.064,3910.69,19.72
2022-08-19,772.602,3910.69,19.76
2022-08-20,772.602,3910.69,19.76
2022-08-21,772.602,3910.69,19.76
2022-08-22,771.064,3910.69,19.72
2022-08-23,769.526,3910.69,19.68
2022-08-24,766.45,3910.69,19.6
2022-08-25,766.45,3910.69,19.6
2022-08-26,764.912,3910.69,19.56
2022-08-27,764.912,3910.69,19.56
2022-08-28,763.374,3910.69,19.52
2022-08-29,763.374,3910.69,19.52
2022-08-30,761.836,3910.69,19.48
2022-08-31,760.298,3910.69,19.44
2022-09-01,761.836,3910.69,19.48
2022-09-02,758.76,3910.69,19.4
2022-09-03,758.76,3910.69,19.4
2022-09-04,760.298,3910.69,19.44
2022-09-05,763.374,3910.69,19.52
2022-09-06,764.912,3910.69,19.56
2022-09-07,781.83,3910.69,19.99
2022-09-08,819.318,3910.69,20.95
2022-09-09,838.542,3910.69,21.44
2022-09-10,851.358,3910.69,21.77
2022-09-11,859.368,3910.69,21.97
2022-09-12,865.776,3910.69,22.14
2022-09-13,868.98,3910.69,22.22
2022-09-14,870.582,3910.69,22.26
2022-09-15,872.184,3910.69,22.3
2022-09-16,878.592,3910.69,22.47
2022-09-17,883.398,3910.69,22.59
2022-09-18,886.804,3910.69,22.68
2022-09-19,888.608,3910.69,22.72
2022-09-20,890.412,3910.69,22.77
2022-09-21,892.216,3910.69,22.81
2022-09-22,894.02,3910.69,22.86
2022-09-23,895.824,3910.69,22.91
2022-09-24,897.628,3910.69,22.95
2022-09-25,899.432,3910.69,23.0
2022-09-26,899.432,3910.69,23.0
2022-09-27,903.04,3910.69,23.09
2022-09-28,904.844,3910.69,23.14
2022-09-29,904.844,3910.69,23.14
2022-09-30,904.844,3910.69,23.14
2022-10-01,904.844,3910.69,23.14
2022-10-02,904.844,3910.69,23.14
2022-10-03,906.648,3910.69,23.18
2022-10-04,906.648,3910.69,23.18
2022-10-05,906.648,3910.69,23.18
2022-10-06,906.648,3910.69,23.18
2022-10-07,906.648,3910.69,23.18
2022-10-08,903.04,3910.69,23.09
2022-10-09,904.844,3910.69,23.14
2022-10-10,904.844,3910.69,23.14
2022-10-11,904.844,3910.69,23.14
2022-10-12,904.844,3910.69,23.14
2022-10-13,904.844,3910.69,23.14
2022-10-14,904.844,3910.69,23.14
2022-10-15,904.844,3910.69,23.14
2022-10-16,903.04,3910.69,23.09
2022-10-17,903.04,3910.69,23.09
2022-10-18,910.256,3910.69,23.28
2022-10-19,912.06,3910.69,23.32
2022-10-20,919.276,3910.69,23.51
2022-10-21,913.864,3910.69,23.37
2022-10-22,917.472,3910.69,23.46
2022-10-23,924.688,3910.69,23.65
2022-10-24,926.492,3910.69,23.69
2022-10-25,924.688,3910.69,23.65
2022-10-26,926.492,3910.69,23.69
2022-10-27,926.492,3910.69,23.69
2022-10-28,926.492,3910.69,23.69
2022-10-29,926.492,3910.69,23.69
2022-10-30,926.492,3910.69,23.69
2022-10-31,922.884,3910.69,23.6
2022-11-01,926.492,3910.69,23.69
2022-11-02,924.688,3910.69,23.65
2022-11-03,924.688,3910.69,23.65
2022-11-04,924.688,3910.69,23.65
2022-11-05,924.688,3910.69,23.65
2022-11-06,922.884,3910.69,23.6
2022-11-07,922.884,3910.69,23.6
2022-11-08,922.884,3910.69,23.6
2022-11-09,922.884,3910.69,23.6
2022-11-10,922.884,3910.69,23.6
2022-11-11,921.08,3910.69,23.55
2022-11-12,913.864,3910.69,23.37
2022-11-13,919.276,3910.69,23.51
2022-11-14,919.276,3910.69,23.51
2022-11-15,913.864,3910.69,23.37
2022-11-16,915.668,3910.69,23.41
2022-11-17,912.06,3910.69,23.32
2022-11-18,912.06,3910.69,23.32
2022-11-19,912.06,3910.69,23.32
2022-11-20,913.864,3910.69,23.37
2022-11-21,912.06,3910.69,23.32
2022-11-22,910.256,3910.69,23.28
2022-11-23,910.256,3910.69,23.28
2022-11-24,912.06,3910.69,23.32
2022-11-25,912.06,3910.69,23.32
2022-11-26,910.256,3910.69,23.28
2022-11-27,912.06,3910.69,23.32
2022-11-28,912.06,3910.69,23.32
2022-11-29,912.06,3910.69,23.32
2022-11-30,912.06,3910.69,23.32
2022-12-01,913.864,3910.69,23.37
2022-12-02,915.668,3910.69,23.41
2022-12-03,915.668,3910.69,23.41
2022-12-04,917.472,3910.69,23.46
2022-12-05,913.864,3910.69,23.37
2022-12-06,913.864,3910.69,23.37
2022-12-07,915.668,3910.69,23.41
2022-12-08,915.668,3910.69,23.41
2022-12-09,915.668,3910.69,23.41
2022-12-10,912.06,3910.69,23.32
2022-12-11,913.864,3910.69,23.37
2022-12-12,912.06,3910.69,23.32
2022-12-13,913.864,3910.69,23.37
2022-12-14,912.06,3910.69,23.32
2022-12-15,912.06,3910.69,23.32
2022-12-16,910.256,3910.69,23.28
2022-12-17,906.648,3910.69,23.18
2022-12-18,906.648,3910.69,23.18
2022-12-19,906.648,3910.69,23.18
2022-12-20,906.648,3910.69,23.18
2022-12-21,906.648,3910.69,23.18
2022-12-22,906.648,3910.69,23.18
2022-12-23,903.04,3910.69,23.09
2022-12-24,899.432,3910.69,23.0
2022-12-25,899.432,3910.69,23.0
2022-12-26,901.236,3910.69,23.05
2022-12-27,901.236,3910.69,23.05
2022-12-28,897.628,3910.69,22.95
2022-12-29,901.236,3910.69,23.05
2022-12-30,899.432,3910.69,23.0
2022-12-31,899.432,3910.69,23.0
2023-01-01,899.432,3910.69,23.0
2023-01-02,901.236,3910.69,23.05
2023-01-03,899.432,3910.69,23.0
2023-01-04,899.432,3910.69,23.0
2023-01-05,895.824,3910.69,22.91
2023-01-06,890.412,3910.69,22.77
2023-01-07,886.804,3910.69,22.68
2023-01-08,881.796,3910.69,22.55
2023-01-09,878.592,3910.69,22.47
2023-01-10,873.786,3910.69,22.34
2023-01-11,867.378,3910.69,22.18
2023-01-12,865.776,3910.69,22.14
2023-01-13,860.97,3910.69,22.02
2023-01-14,857.766,3910.69,21.93
2023-01-15,851.358,3910.69,21.77
2023-01-16,843.348,3910.69,21.57
2023-01-17,841.746,3910.69,21.52
2023-01-18,838.542,3910.69,21.44
2023-01-19,836.94,3910.69,21.4
2023-01-20,830.532,3910.69,21.24
2023-01-21,828.93,3910.69,21.2
2023-01-22,825.726,3910.69,21.11
2023-01-23,822.522,3910.69,21.03
2023-01-24,817.716,3910.69,20.91
2023-01-25,814.512,3910.69,20.83
2023-01-26,811.308,3910.69,20.75
2023-01-27,806.502,3910.69,20.62
2023-01-28,803.362,3910.69,20.54
2023-01-29,800.286,3910.69,20.46
2023-01-30,797.21,3910.69,20.39
2023-01-31,794.134,3910.69,20.31
2023-02-01,791.058,3910.69,20.23
2023-02-02,786.444,3910.69,20.11
2023-02-03,783.368,3910.69,20.03
2023-02-04,778.754,3910.69,19.91
2023-02-05,777.216,3910.69,19.87
2023-02-06,772.602,3910.69,19.76
2023-02-07,769.526,3910.69,19.68
2023-02-08,767.988,3910.69,19.64
2023-02-09,764.912,3910.69,19.56
2023-02-10,761.836,3910.69,19.48
2023-02-11,755.684,3910.69,19.32
2023-02-12,752.608,3910.69,19.24
2023-02-13,751.07,3910.69,19.21
2023-02-14,741.842,3910.69,18.97
2023-02-15,744.918,3910.69,19.05
2023-02-16,741.842,3910.69,18.97
2023-02-17,737.228,3910.69,18.85
2023-02-18,734.152,3910.69,18.77
2023-02-19,731.076,3910.69,18.69
2023-02-20,725.008,3910.69,18.54
2023-02-21,722.016,3910.69,18.46
2023-02-22,716.032,3910.69,18.31
2023-02-23,714.536,3910.69,18.27
2023-02-24,711.544,3910.69,18.19
2023-02-25,707.056,3910.69,18.08
2023-02-26,704.064,3910.69,18.0
2023-02-27,699.576,3910.69,17.89
2023-02-28,696.584,3910.69,17.81
2023-03-01,690.6,3910.69,17.66
2023-03-02,689.104,3910.69,17.62
2023-03-03,686.112,3910.69,17.54
2023-03-04,683.12,3910.69,17.47
2023-03-05,672.648,3910.69,17.2
2023-03-06,675.64,3910.69,17.28
2023-03-07,675.64,3910.69,17.28
2023-03-08,675.64,3910.69,17.28
2023-03-09,654.696,3910.69,16.74
2023-03-10,654.696,3910.69,16.74
2023-03-11,649.108,3910.69,16.6
2023-03-12,645.016,3910.69,16.49
2023-03-13,640.924,3910.69,16.39
2023-03-14,636.832,3910.69,16.28
2023-03-15,632.74,3910.69,16.18
2023-03-16,628.648,3910.69,16.08
2023-03-17,624.556,3910.69,15.97
2023-03-18,617.736,3910.69,15.8
2023-03-19,613.644,3910.69,15.69
2023-03-20,608.188,3910.69,15.55
2023-03-21,605.46,3910.69,15.48
2023-03-22,601.368,3910.69,15.38
2023-03-23,597.276,3910.69,15.27
2023-03-24,593.184,3910.69,15.17
2023-03-25,590.456,3910.69,15.1
2023-03-26,586.364,3910.69,14.99
2023-03-27,582.368,3910.69,14.89
2023-03-28,578.42,3910.69,14.79
2023-03-29,577.104,3910.69,14.76
2023-03-30,574.472,3910.69,14.69
2023-03-31,569.209,3910.69,14.56
2023-04-01,569.208,3910.69,14.56
2023-04-02,561.312,3910.69,14.35
2023-04-03,558.68,3910.69,14.29
2023-04-04,553.416,3910.69,14.15
2023-04-05,550.784,3910.69,14.08
2023-04-06,545.52,3910.69,13.95
2023-04-07,540.256,3910.69,13.81
2023-04-08,538.94,3910.69,13.78
2023-04-09,534.992,3910.69,13.68
2023-04-10,532.36,3910.69,13.61
2023-04-11,531.044,3910.69,13.58
2023-04-12,529.728,3910.69,13.55
2023-04-17,516.75,3910.69,13.21
2023-04-18,511.86,3910.69,13.09
2023-04-19,509.41,3910.69,13.03
2023-04-20,505.74,3910.69,12.93
2023-04-21,503.29,3910.69,12.87
2023-04-22,502.06,3910.69,12.84
2023-04-23,498.39,3910.69,12.74
2023-04-24,495.94,3910.69,12.68
2023-04-25,492.27,3910.69,12.59
2023-04-26,489.82,3910.69,12.53
2023-04-27,486.152,3910.69,12.43
2023-04-28,482.48,3910.69,12.34
2023-04-29,476.36,3910.69,12.18
2023-04-30,472.69,3910.69,12.09
2023-05-01,470.24,3910.69,12.02
2023-05-02,466.57,3910.69,11.93
2023-05-03,462.9,3910.69,11.84
2023-05-04,459.22,3910.69,11.74
2023-05-05,459.22,3910.69,11.74
2023-05-06,455.8,3910.69,11.66
2023-05-07,455.8,3910.69,11.66
2023-05-08,455.8,3910.69,11.66
2023-05-09,441.5,3910.69,11.29
2023-05-10,441.5,3910.69,11.29
2023-05-11,442.6,3910.69,11.32
2023-05-12,436.0,3910.69,11.15
2023-05-13,430.5,3910.69,11.01
2023-05-14,436.0,3910.69,11.15
2023-05-15,439.3,3910.69,11.23
2023-05-16,441.5,3910.69,11.29
2023-05-17,441.5,3910.69,11.29
2023-05-18,445.9,3910.69,11.4
2023-05-19,445.9,3910.69,11.4
2023-05-20,445.9,3910.69,11.4
2023-05-21,450.3,3910.69,11.51
2023-05-22,451.4,3910.69,11.54
2023-05-23,452.5,3910.69,11.57
2023-05-24,453.6,3910.69,11.6
2023-05-25,454.7,3910.69,11.63
2023-05-26,454.7,3910.69,11.63
2023-05-27,453.6,3910.69,11.6
2023-05-28,453.6,3910.69,11.6
2023-05-29,453.6,3910.69,11.6
2023-05-30,456.9,3910.69,11.68
2023-05-31,460.45,3910.69,11.77
2023-06-01,466.57,3910.69,11.93
2023-06-02,473.91,3910.69,12.12
2023-06-03,479.36,3910.69,12.26
2023-06-04,486.15,3910.69,12.43
2023-06-05,493.5,3910.69,12.62
2023-06-06,495.94,3910.69,12.68
2023-06-07,498.392,3910.69,12.74
2023-06-08,500.84,3910.69,12.81
2023-06-09,503.288,3910.69,12.87
2023-06-10,503.288,3910.69,12.87
2023-06-11,503.288,3910.69,12.87
2023-06-12,503.288,3910.69,12.87
2023-06-13,503.288,3910.69,12.87
2023-06-14,502.06,3910.69,12.84
2023-06-15,502.06,3910.69,12.84
2023-06-16,502.06,3910.69,12.84
2023-06-17,500.84,3910.69,12.81
2023-06-18,499.616,3910.69,12.78
2023-06-19,499.616,3910.69,12.78
2023-06-20,498.392,3910.69,12.74
2023-06-21,498.392,3910.69,12.74
2023-06-22,495.944,3910.69,12.68
2023-06-23,494.72,3910.69,12.65
2023-06-24,494.72,3910.69,12.65
2023-06-25,492.27,3910.69,12.59
2023-06-26,491.048,3910.69,12.56
2023-06-27,489.824,3910.69,12.53
2023-06-28,488.6,3910.69,12.49
2023-06-29,487.376,3910.69,12.46
2023-06-30,486.152,3910.69,12.43
2023-07-01,484.928,3910.69,12.4
2023-07-02,484.928,3910.69,12.4
2023-07-03,484.928,3910.69,12.4
2023-07-04,482.48,3910.69,12.34
2023-07-05,482.48,3910.69,12.34
2023-07-06,481.256,3910.69,12.31
2023-07-07,477.584,3910.69,12.21
2023-07-08,477.584,3910.69,12.21
2023-07-09,477.584,3910.69,12.21
2023-07-10,477.584,3910.69,12.21
2023-07-11,476.36,3910.69,12.18
2023-07-12,475.136,3910.69,12.15
2023-07-13,473.912,3910.69,12.12
2023-07-14,471.464,3910.69,12.06
2023-07-15,470.24,3910.69,12.02
2023-07-16,470.24,3910.69,12.02
2023-07-17,469.016,3910.69,11.99
2023-07-18,466.568,3910.69,11.93
2023-07-19,466.568,3910.69,11.93
2023-07-20,464.12,3910.69,11.87
2023-07-21,464.12,3910.69,11.87
2023-07-22,461.672,3910.69,11.81
2023-07-23,461.672,3910.69,11.81
2023-07-24,460.448,3910.69,11.77
2023-07-25,460.448,3910.69,11.77
2023-07-26,458.0,3910.69,11.71
2023-07-27,454.7,3910.69,11.63
2023-07-28,454.7,3910.69,11.63
2023-07-29,454.7,3910.69,11.63
2023-07-30,454.7,3910.69,11.63
2023-07-31,452.5,3910.69,11.57
2023-08-01,453.6,3910.69,11.6
2023-08-02,452.5,3910.69,11.57
2023-08-03,449.2,3910.69,11.49
2023-08-04,448.1,3910.69,11.46
2023-08-05,445.9,3910.69,11.4
2023-08-06,445.9,3910.69,11.4
2023-08-07,448.1,3910.69,11.46
2023-08-08,447.0,3910.69,11.43
2023-08-09,445.9,3910.69,11.4
2023-08-10,444.8,3910.69,11.37
2023-08-11,443.7,3910.69,11.35
2023-08-12,442.6,3910.69,11.32
2023-08-13,441.5,3910.69,11.29
2023-08-14,440.4,3910.69,11.26
2023-08-15,440.4,3910.69,11.26
2023-08-16,437.1,3910.69,11.18
2023-08-17,436.0,3910.69,11.15
2023-08-18,434.9,3910.69,11.12
2023-08-19,432.7,3910.69,11.06
2023-08-20,432.7,3910.69,11.06
2023-08-21,433.8,3910.69,11.09
2023-08-22,436.0,3910.69,11.15
2023-08-23,438.2,3910.69,11.21
2023-08-24,439.3,3910.69,11.23
2023-08-25,438.2,3910.69,11.21
2023-08-26,437.1,3910.69,11.18
2023-08-27,437.1,3910.69,11.18
2023-08-28,434.9,3910.69,11.12
2023-08-29,432.7,3910.69,11.06
2023-08-30,434.9,3910.69,11.12
2023-08-31,433.8,3910.69,11.09
2023-09-01,431.6,3910.69,11.04
2023-09-02,429.4,3910.69,10.98
2023-09-03,430.5,3910.69,11.01
2023-09-04,430.5,3910.69,11.01
2023-09-05,429.4,3910.69,10.98
2023-09-06,428.3,3910.69,10.95
2023-09-07,428.3,3910.69,10.95
2023-09-08,427.2,3910.69,10.92
2023-09-09,426.1,3910.69,10.9
2023-09-10,425.0,3910.69,10.87
2023-09-11,423.9,3910.69,10.84
2023-09-12,422.8,3910.69,10.81
2023-09-13,422.8,3910.69,10.81
2023-09-14,421.7,3910.69,10.78
2023-09-15,420.6,3910.69,10.76
2023-09-16,420.6,3910.69,10.76
2023-09-17,420.6,3910.69,10.76
2023-09-18,422.8,3910.69,10.81
2023-09-19,422.8,3910.69,10.81
2023-09-20,421.7,3910.69,10.78
2023-09-21,421.7,3910.69,10.78
2023-09-22,420.6,3910.69,10.76
2023-09-23,419.5,3910.69,10.73
2023-09-24,418.4,3910.69,10.7
2023-09-25,418.4,3910.69,10.7
2023-09-26,417.3,3910.69,10.67
2023-09-27,416.2,3910.69,10.64
2023-09-28,415.1,3910.69,10.61
2023-09-29,415.1,3910.69,10.61
2023-09-30,414.0,3910.69,10.59
2023-10-01,412.9,3910.69,10.56
2023-10-02,412.9,3910.69,10.56
2023-10-03,411.8,3910.69,10.53
2023-10-04,410.7,3910.69,10.5
2023-10-05,409.6,3910.69,10.47
2023-10-06,409.6,3910.69,10.47
2023-10-07,409.6,3910.69,10.47
2023-10-08,409.6,3910.69,10.47
2023-10-09,408.5,3910.69,10.45
2023-10-10,408.5,3910.69,10.45
2023-10-11,408.5,3910.69,10.45
2023-10-12,408.5,3910.69,10.45
2023-10-13,407.4,3910.69,10.42
2023-10-14,408.5,3910.69,10.45
2023-10-15,408.5,3910.69,10.45
2023-10-16,408.5,3910.69,10.45
2023-10-17,406.3,3910.69,10.39
2023-10-18,406.3,3910.69,10.39
2023-10-19,403.0,3910.69,10.31
2023-10-20,403.0,3910.69,10.31
2023-10-21,401.98,3910.69,10.28
2023-10-22,401.98,3910.69,10.28
2023-10-23,403.0,3910.69,10.31
2023-10-24,403.0,3910.69,10.31
2023-10-25,401.98,3910.69,10.28
2023-10-26,401.98,3910.69,10.28
2023-10-27,401.98,3910.69,10.28
2023-10-28,400.96,3910.69,10.25
2023-10-29,400.96,3910.69,10.25
2023-10-30,397.9,3910.69,10.17
2023-10-31,397.9,3910.69,10.17
2023-11-01,396.88,3910.69,10.15
2023-11-02,396.88,3910.69,10.15
2023-11-03,396.88,3910.69,10.15
2023-11-04,395.86,3910.69,10.12
2023-11-05,395.86,3910.69,10.12
2023-11-06,394.84,3910.69,10.1
2023-11-07,394.84,3910.69,10.1
2023-11-08,394.84,3910.69,10.1
2023-11-10,393.82,3910.69,10.07
2023-11-11,393.82,3910.69,10.07
2023-11-12,394.84,3910.69,10.1
2023-11-13,395.86,3910.69,10.12
2023-11-14,395.86,3910.69,10.12
2023-11-15,394.84,3910.69,10.1
2023-11-16,394.84,3910.69,10.1
2023-11-17,394.84,3910.69,10.1
2023-11-18,393.82,3910.69,10.07
2023-11-19,390.76,3910.69,9.99
2023-11-20,392.8,3910.69,10.04
2023-11-21,392.8,3910.69,10.04
2023-11-22,392.8,3910.69,10.04
2023-11-23,391.78,3910.69,10.02
2023-11-24,391.78,3910.69,10.02
2023-11-25,391.78,3910.69,10.02
2023-11-26,391.78,3910.69,10.02
2023-11-27,390.76,3910.69,9.99
2023-11-28,389.74,3910.69,9.97
2023-11-29,390.76,3910.69,9.99
2023-11-30,390.76,3910.69,9.99
2023-12-01,390.76,3910.69,9.99
2023-12-02,390.76,3910.69,9.99
2023-12-03,390.76,3910.69,9.99
2023-12-04,390.76,3910.69,9.99
2023-12-05,389.74,3910.69,9.97
2023-12-06,389.74,3910.69,9.97
2023-12-07,390.76,3910.69,9.99
2023-12-08,390.76,3910.69,9.99
2023-12-09,390.76,3910.69,9.99
2023-12-10,389.74,3910.69,9.97
2023-12-11,388.72,3910.69,9.94
2023-12-12,388.72,3910.69,9.94
2023-12-13,388.72,3910.69,9.94
2023-12-14,388.72,3910.69,9.94
2023-12-15,390.76,3910.69,9.99
2023-12-16,390.76,3910.69,9.99
2023-12-17,389.74,3910.69,9.97
2023-12-18,389.74,3910.69,9.97
2023-12-19,390.76,3910.69,9.99
2023-12-20,392.8,3910.69,10.04
2023-12-21,392.8,3910.69,10.04
2023-12-22,392.8,3910.69,10.04
2023-12-23,391.78,3910.69,10.02
2023-12-24,391.78,3910.69,10.02
2023-12-25,391.78,3910.69,10.02
2023-12-26,391.78,3910.69,10.02
2023-12-27,387.7,3910.69,9.91
2023-12-28,387.7,3910.69,9.91
2023-12-29,387.7,3910.69,9.91
2023-12-30,386.68,3910.69,9.89
2023-12-31,386.68,3910.69,9.89
2024-01-01,386.68,3910.69,9.89
2024-01-02,386.68,3910.69,9.89
2024-01-03,383.62,3910.69,9.81
2024-01-04,385.66,3910.69,9.86
2024-01-05,382.6,3910.69,9.78
2024-01-06,384.64,3910.69,9.84
2024-01-07,384.64,3910.69,9.84
2024-01-08,381.58,3910.69,9.76
2024-01-09,382.6,3910.69,9.78
2024-01-10,382.6,3910.69,9.78
2024-01-11,382.6,3910.69,9.78
2024-01-12,381.58,3910.69,9.76
2024-01-13,381.58,3910.69,9.76
2024-01-14,381.58,3910.69,9.76
2024-01-15,381.58,3910.69,9.76
2024-01-16,380.56,3910.69,9.73
2024-01-17,379.54,3910.69,9.71
2024-01-18,379.54,3910.69,9.71
2024-01-19,379.54,3910.69,9.71
2024-01-20,378.52,3910.69,9.68
2024-01-21,377.5,3910.69,9.65
2024-01-22,378.52,3910.69,9.68
2024-01-23,378.52,3910.69,9.68
2024-01-24,378.52,3910.69,9.68
2024-01-25,376.48,3910.69,9.63
2024-01-26,378.52,3910.69,9.68
2024-01-27,377.5,3910.69,9.65
2024-01-28,375.46,3910.69,9.6
2024-01-29,376.48,3910.69,9.63
2024-01-30,375.46,3910.69,9.6
2024-01-31,375.46,3910.69,9.6
2024-02-01,375.46,3910.69,9.6
2024-02-02,375.46,3910.69,9.6
2024-02-03,373.42,3910.69,9.55
2024-02-04,373.42,3910.69,9.55
2024-02-05,373.42,3910.69,9.55
2024-02-06,373.42,3910.69,9.55
2024-02-10,371.38,3910.69,9.5
2024-02-11,369.34,3910.69,9.44
2024-02-12,370.36,3910.69,9.47
2024-02-13,369.34,3910.69,9.44
2024-02-14,367.3,3910.69,9.39
2024-02-15,369.34,3910.69,9.44
2024-02-16,369.34,3910.69,9.44
2024-02-17,369.34,3910.69,9.44
2024-02-18,370.36,3910.69,9.47
2024-02-19,370.36,3910.69,9.47
2024-02-20,369.34,3910.69,9.44
2024-02-21,368.32,3910.69,9.42
2024-02-22,368.32,3910.69,9.42
2024-02-23,368.32,3910.69,9.42
2024-02-24,368.32,3910.69,9.42
2024-02-25,367.3,3910.69,9.39
2024-02-26,366.28,3910.69,9.37
2024-02-27,365.26,3910.69,9.34
2024-02-28,365.26,3910.69,9.34
2024-02-29,365.26,3910.69,9.34
2024-03-01,365.26,3910.69,9.34
2024-03-02,365.26,3910.69,9.34
2024-03-03,364.24,3910.69,9.31
2024-03-04,364.24,3910.69,9.31
2024-03-05,363.22,3910.69,9.29
2024-03-06,363.22,3910.69,9.29
2024-03-07,362.2,3910.69,9.26
2024-03-08,361.18,3910.69,9.24
2024-03-09,361.18,3910.69,9.24
2024-03-10,360.16,3910.69,9.21
2024-03-11,360.16,3910.69,9.21
2024-03-12,359.14,3910.69,9.18
2024-03-13,358.12,3910.69,9.16
2024-03-14,358.12,3910.69,9.16
2024-03-15,358.12,3910.69,9.16
2024-03-16,357.1,3910.69,9.13
2024-03-17,357.1,3910.69,9.13
2024-03-18,361.18,3910.69,9.24
2024-03-19,362.2,3910.69,9.26
2024-03-20,362.2,3910.69,9.26
2024-03-21,361.18,3910.69,9.24
2024-03-22,361.18,3910.69,9.24
2024-03-23,360.16,3910.69,9.21
2024-03-24,359.14,3910.69,9.18
2024-03-25,356.08,3910.69,9.11
2024-03-26,358.12,3910.69,9.16
2024-03-27,357.1,3910.69,9.13
2024-03-28,357.1,3910.69,9.13
2024-03-29,356.08,3910.69,9.11
2024-03-30,356.08,3910.69,9.11
2024-03-31,355.06,3910.69,9.08
2024-04-01,354.04,3910.69,9.05
2024-04-02,354.04,3910.69,9.05
2024-04-03,353.02,3910.69,9.03
2024-04-04,352.0,3910.69,9.0
2024-04-05,351.12,3910.69,8.98
2024-04-06,350.24,3910.69,8.96
2024-04-07,349.36,3910.69,8.93
2024-04-08,349.36,3910.69,8.93
2024-04-09,349.36,3910.69,8.93
2024-04-10,347.6,3910.69,8.89
2024-04-11,347.6,3910.69,8.89
2024-04-12,346.72,3910.69,8.87
2024-04-13,346.72,3910.69,8.87
2024-04-14,346.72,3910.69,8.87
2024-04-15,344.08,3910.69,8.8
2024-04-16,342.32,3910.69,8.75
2024-04-17,341.44,3910.69,8.73
2024-04-18,340.56,3910.69,8.71
2024-04-19,340.56,3910.69,8.71
2024-04-20,340.56,3910.69,8.71
2024-04-21,339.68,3910.69,8.69
2024-04-22,340.56,3910.69,8.71
2024-04-23,340.56,3910.69,8.71
2024-04-24,339.68,3910.69,8.69
2024-04-25,338.8,3910.69,8.66
2024-04-26,338.8,3910.69,8.66
2024-04-27,337.92,3910.69,8.64
2024-04-28,337.04,3910.69,8.62
2024-04-29,337.04,3910.69,8.62
2024-04-30,337.04,3910.69,8.62
2024-05-01,336.16,3910.69,8.6
2024-05-02,335.28,3910.69,8.57
2024-05-03,334.4,3910.69,8.55
2024-05-04,334.4,3910.69,8.55
2024-05-05,333.52,3910.69,8.53
2024-05-06,332.64,3910.69,8.51
2024-05-07,331.76,3910.69,8.48
2024-05-08,331.76,3910.69,8.48
2024-05-09,331.76,3910.69,8.48
2024-05-10,330.88,3910.69,8.46
2024-05-11,330.0,3910.69,8.44
2024-05-12,328.24,3910.69,8.39
2024-05-13,328.24,3910.69,8.39
2024-05-14,330.0,3910.69,8.44
2024-05-15,329.12,3910.69,8.42
2024-05-16,327.36,3910.69,8.37
2024-05-17,327.36,3910.69,8.37
2024-05-18,327.36,3910.69,8.37
2024-05-19,325.6,3910.69,8.33
2024-05-20,325.6,3910.69,8.33
2024-05-21,324.72,3910.69,8.3
2024-05-22,323.84,3910.69,8.28
2024-05-23,322.96,3910.69,8.26
2024-05-24,322.08,3910.69,8.24
2024-05-25,321.2,3910.69,8.21
2024-05-26,320.32,3910.69,8.19
2024-05-27,319.44,3910.69,8.17
2024-05-28,317.68,3910.69,8.12
2024-05-29,317.68,3910.69,8.12
2024-05-30,317.68,3910.69,8.12
2024-05-31,316.8,3910.69,8.1
2024-06-01,315.92,3910.69,8.08
2024-06-02,315.04,3910.69,8.06
2024-06-03,315.04,3910.69,8.06
2024-06-04,314.16,3910.69,8.03
2024-06-05,312.4,3910.69,7.99
2024-06-06,312.4,3910.69,7.99
2024-06-07,311.52,3910.69,7.97
2024-06-08,310.64,3910.69,7.94
2024-06-09,309.76,3910.69,7.92
2024-06-10,308.88,3910.69,7.9
2024-06-11,308.88,3910.69,7.9
2024-06-12,306.36,3910.69,7.83
2024-06-13,306.36,3910.69,7.83
2024-06-14,305.54,3910.69,7.81
2024-06-15,305.54,3910.69,7.81
2024-06-16,303.9,3910.69,7.77
2024-06-17,303.9,3910.69,7.77
2024-06-18,302.26,3910.69,7.73
2024-06-19,300.62,3910.69,7.69
2024-06-20,303.9,3910.69,7.77
2024-06-21,350.24,3910.69,8.96
2024-06-22,567.892,3910.69,14.52
2024-06-23,707.056,3910.69,18.08
2024-06-24,852.96,3910.69,21.81
2024-06-25,1028.288,3910.69,26.29
2024-06-26,1145.52,3910.69,29.29
2024-06-27,1210.68,3910.69,30.96
2024-06-28,1250.92,3910.69,31.99
2024-06-29,1280.05,3910.69,32.73
2024-06-30,1301.55,3910.69,33.28
2024-07-01,1359.6,3910.69,34.77
2024-07-02,1472.42,3910.69,37.65
2024-07-03,1563.26,3910.69,39.97
2024-07-04,1631.52,3910.69,41.72
2024-07-05,1660.97,3910.69,42.47
2024-07-06,1683.07,3910.69,43.04
2024-07-07,1700.26,3910.69,43.48
2024-07-08,1707.62,3910.69,43.67
2024-07-09,1724.81,3910.69,44.11
2024-07-10,1739.54,3910.69,44.48
2024-07-11,1751.81,3910.69,44.8
2024-07-12,1754.27,3910.69,44.86
2024-07-13,1773.91,3910.69,45.36
2024-07-14,1781.27,3910.69,45.55
2024-07-15,1791.09,3910.69,45.8
2024-07-16,1796.0,3910.69,45.93
2024-07-17,1805.82,3910.69,46.18
2024-07-18,1813.19,3910.69,46.36
2024-07-19,1825.46,3910.69,46.68
2024-07-21,1837.74,3910.69,46.99
2024-07-22,1840.19,3910.69,47.06
2024-07-23,1845.1,3910.69,47.18
2024-07-24,1858.31,3910.69,47.52
2024-07-25,1866.24,3910.69,47.72
2024-07-26,1890.01,3910.69,48.33
2024-07-27,1916.43,3910.69,49.0
2024-07-28,1948.14,3910.69,49.82
2024-07-29,1969.27,3910.69,50.36
2024-07-30,1985.13,3910.69,50.76
2024-07-31,2000.978,3910.69,51.17
2024-08-01,2014.19,3910.69,51.5
2024-08-02,2024.76,3910.69,51.78
2024-08-03,2030.04,3910.69,51.91
2024-08-04,2032.68,3910.69,51.98
2024-08-05,2037.97,3910.69,52.11
2024-08-06,2043.25,3910.69,52.25
2024-08-07,2043.25,3910.69,52.25
2024-08-08,2045.89,3910.69,52.32
2024-08-09,2056.46,3910.69,52.59
2024-08-10,2059.1,3910.69,52.65
2024-08-11,2061.74,3910.69,52.72
2024-08-12,2061.74,3910.69,52.72
2024-08-13,2064.39,3910.69,52.79
2024-08-14,2064.39,3910.69,52.79
2024-08-15,2067.03,3910.69,52.86
2024-08-16,2067.03,3910.69,52.86
2024-08-17,2067.03,3910.69,52.86
2024-08-18,2069.67,3910.69,52.92
2024-08-19,2072.31,3910.69,52.99
2024-08-20,2072.31,3910.69,52.99
2024-08-21,2074.95,3910.69,53.06
2024-08-22,2074.95,3910.69,53.06
2024-08-23,2074.95,3910.69,53.06
2024-08-24,2074.95,3910.69,53.06
2024-08-25,2074.95,3910.69,53.06
2024-08-26,2074.95,3910.69,53.06
2024-08-27,2077.6,3910.69,53.13
2024-08-28,2077.6,3910.69,53.13
2024-08-29,2080.24,3910.69,53.19
2024-08-30,2080.24,3910.69,53.19
2024-08-31,2080.24,3910.69,53.19
2024-09-01,2082.88,3910.69,53.26
2024-09-02,2082.88,3910.69,53.26
2024-09-03,2082.88,3910.69,53.26
2024-09-04,2093.45,3910.69,53.53
2024-09-05,2101.37,3910.69,53.73
2024-09-06,2131.96,3910.69,54.52
2024-09-07,2163.11,3910.69,55.31
2024-09-08,2205.59,3910.69,56.4
2024-09-09,2225.41,3910.69,56.91
2024-09-10,2245.236,3910.69,57.41
2024-09-11,2259.4,3910.69,57.77
2024-09-12,2270.72,3910.69,58.06
2024-09-13,2279.22,3910.69,58.28
2024-09-14,2293.38,3910.69,58.64
2024-09-15,2301.88,3910.69,58.86
2024-09-16,2313.2,3910.69,59.15
2024-09-17,2327.36,3910.69,59.51
2024-09-18,2341.52,3910.69,59.87
2024-09-19,2364.18,3910.69,60.45
2024-09-20,2386.84,3910.69,61.03
2024-09-21,2404.61,3910.69,61.49
2024-09-22,2422.77,3910.69,61.95
2024-09-23,2440.93,3910.69,62.42
2024-09-24,2462.12,3910.69,62.96
2024-09-25,2489.364,3910.69,63.66
2024-09-26,2513.58,3910.69,64.27
2024-09-27,2528.715,3910.69,64.66
2024-09-28,2540.82,3910.69,64.97
2024-09-29,2552.93,3910.69,65.28
2024-09-30,2562.01,3910.69,65.51
2024-10-01,2568.07,3910.69,65.67
2024-10-02,2571.09,3910.69,65.75
2024-10-03,2580.17,3910.69,65.98
2024-10-04,2583.2,3910.69,66.05
2024-10-05,2589.25,3910.69,66.21
2024-10-06,2592.28,3910.69,66.29
2024-10-07,2598.34,3910.69,66.44
2024-10-08,2601.36,3910.69,66.52
2024-10-09,2607.42,3910.69,66.67
2024-10-10,2613.47,3910.69,66.83
2024-10-11,2613.47,3910.69,66.83
2024-10-12,2619.52,3910.69,66.98
2024-10-13,2622.55,3910.69,67.06
2024-10-14,2622.55,3910.69,67.06
2024-10-15,2622.55,3910.69,67.06
2024-10-17,2634.66,3910.69,67.37
2024-10-18,2646.77,3910.69,67.68
2024-10-19,2643.74,3910.69,67.6
2024-10-20,2652.82,3910.69,67.84
2024-10-21,2661.9,3910.69,68.07
2024-10-22,2667.96,3910.69,68.22
2024-10-23,2667.96,3910.69,68.22
2024-10-24,2670.98,3910.69,68.3
2024-10-25,2670.98,3910.69,68.3
2024-10-26,2677.04,3910.69,68.45
2024-10-27,2677.04,3910.69,68.45
2024-10-28,2680.06,3910.69,68.53
2024-10-29,2680.06,3910.69,68.53
2024-10-30,2683.09,3910.69,68.61
2024-10-31,2683.09,3910.69,68.61
2024-11-01,2686.12,3910.69,68.69
2024-11-02,2686.12,3910.69,68.69
2024-11-03,2686.12,3910.69,68.69
2024-11-04,2689.15,3910.69,68.76
2024-11-05,2689.15,3910.69,68.76
2024-11-06,2692.17,3910.69,68.84
2024-11-07,2692.17,3910.69,68.84
2024-11-08,2692.17,3910.69,68.84
2024-11-09,2692.17,3910.69,68.84
2024-11-10,2695.2,3910.69,68.92
2024-11-11,2698.43,3910.69,69.0
2024-11-12,2698.43,3910.69,69.0
2024-11-13,2698.43,3910.69,69.0
2024-11-14,2701.67,3910.69,69.08
2024-11-15,2701.67,3910.69,69.08
2024-11-16,2701.67,3910.69,69.08
2024-11-17,2701.67,3910.69,69.08
2024-11-18,2698.43,3910.69,69.0
2024-11-19,2701.67,3910.69,69.08
2024-11-20,2701.67,3910.69,69.08
2024-11-21,2701.67,3910.69,69.08
2024-11-22,2698.43,3910.69,69.0
2024-11-23,2698.43,3910.69,69.0
2024-11-24,2698.43,3910.69,69.0
2024-11-25,2698.43,3910.69,69.0
2024-11-26,2698.43,3910.69,69.0
2024-11-27,2698.43,3910.69,69.0
2024-11-28,2695.2,3910.69,68.92
2024-11-29,2695.2,3910.69,68.92
2024-11-30,2695.2,3910.69,68.92
2024-12-01,2692.17,3910.69,68.84
2024-12-02,2695.2,3910.69,68.92
2024-12-03,2695.2,3910.69,68.92
2024-12-04,2695.2,3910.69,68.92
2024-12-05,2698.43,3910.69,69.0
2024-12-06,2698.43,3910.69,69.0
2024-12-07,2695.2,3910.69,68.92
2024-12-08,2698.43,3910.69,69.0
2024-12-09,2695.2,3910.69,68.92
2024-12-10,2698.43,3910.69,69.0
2024-12-11,2698.43,3910.69,69.0
2024-12-12,2695.2,3910.69,68.92
2024-12-13,2695.2,3910.69,68.92
2024-12-14,2695.2,3910.69,68.92
2024-12-15,2695.2,3910.69,68.92
2024-12-16,2692.17,3910.69,68.84
2024-12-17,2695.2,3910.69,68.92
2024-12-18,2695.2,3910.69,68.92
2024-12-19,2695.2,3910.69,68.92
2024-12-20,2698.43,3910.69,69.0
2024-12-21,2701.66,3910.69,69.08
2024-12-22,2704.9,3910.69,69.17
2024-12-23,2701.66,3910.69,69.08
2024-12-24,2698.43,3910.69,69.0
2024-12-25,2695.2,3910.69,68.92
2024-12-26,2692.17,3910.69,68.84
2024-12-27,2695.2,3910.69,68.92
2024-12-28,2686.12,3910.69,68.69
2024-12-29,2683.09,3910.69,68.61
2024-12-30,2677.04,3910.69,68.45
2024-12-31,2670.98,3910.69,68.3
2025-01-01,2670.98,3910.69,68.3
2025-01-02,2664.93,3910.69,68.14
2025-01-03,2664.93,3910.69,68.14
2025-01-04,2661.9,3910.69,68.07
2025-01-05,2658.88,3910.69,67.99
2025-01-06,2655.85,3910.69,67.91
2025-01-07,2646.77,3910.69,67.68
2025-01-08,2637.69,3910.69,67.45
2025-01-09,2637.69,3910.69,67.45
2025-01-10,2637.69,3910.69,67.45
2025-01-11,2637.69,3910.69,67.45
2025-01-12,2631.63,3910.69,67.29
2025-01-13,2631.63,3910.69,67.29
2025-01-14,2628.61,3910.69,67.22
2025-01-15,2622.55,3910.69,67.06
2025-01-16,2622.55,3910.69,67.06
2025-01-17,2622.55,3910.69,67.06
2025-01-18,2625.58,3910.69,67.14
2025-01-19,2619.53,3910.69,66.98
2025-01-20,2619.53,3910.69,66.98
2025-01-21,2607.42,3910.69,66.67
2025-01-22,2601.36,3910.69,66.52
2025-01-23,2607.42,3910.69,66.67
2025-01-24,2601.36,3910.69,66.52
2025-01-25,2598.34,3910.69,66.44
2025-01-26,2598.34,3910.69,66.44
2025-01-27,2595.31,3910.69,66.36
2025-01-28,2595.31,3910.69,66.36
2025-01-29,2592.28,3910.69,66.29
2025-01-30,2592.28,3910.69,66.29
2025-01-31,2589.25,3910.69,66.21
2025-02-04,2580.17,3910.69,65.98
2025-02-05,2577.15,3910.69,65.9
2025-02-06,2577.15,3910.69,65.9
2025-02-07,2574.12,3910.69,65.82
2025-02-08,2571.09,3910.69,65.75
2025-02-09,2568.07,3910.69,65.67
2025-02-10,2562.01,3910.69,65.51
2025-02-11,2562.01,3910.69,65.51
2025-02-12,2558.99,3910.69,65.44
2025-02-13,2552.93,3910.69,65.28
2025-02-14,2552.93,3910.69,65.28
2025-02-15,2543.85,3910.69,65.05
2025-02-16,2549.9,3910.69,65.2
2025-02-17,2549.904,3910.69,65.2
2025-02-18,2546.88,3910.69,65.13
2025-02-19,2549.904,3910.69,65.2
2025-02-20,2546.88,3910.69,65.13
2025-02-21,2540.823,3910.69,64.97
2025-02-22,2537.8,3910.69,64.89
2025-02-23,2537.8,3910.69,64.89
2025-02-24,2537.8,3910.69,64.89
2025-02-25,2537.8,3910.69,64.89
2025-02-26,2537.8,3910.69,64.89
2025-02-27,2537.8,3910.69,64.89
2025-02-28,2537.8,3910.69,64.89
2025-03-01,2531.74,3910.69,64.74
2025-03-02,2528.72,3910.69,64.66
2025-03-03,2525.69,3910.69,64.58
2025-03-04,2516.61,3910.69,64.35
2025-03-05,2519.63,3910.69,64.43
2025-03-06,2510.553,3910.69,64.2
2025-03-07,2507.53,3910.69,64.12
2025-03-08,2510.53,3910.69,64.2
2025-03-09,2507.53,3910.69,64.12
2025-03-10,2495.42,3910.69,63.81
2025-03-11,2489.36,3910.69,63.66
2025-03-12,2486.34,3910.69,63.58
2025-03-13,2483.31,3910.69,63.5
2025-03-14,2480.28,3910.69,63.42
2025-03-15,2477.26,3910.69,63.35
2025-03-16,2474.23,3910.69,63.27
2025-03-17,2471.2,3910.69,63.19
2025-03-18,2468.18,3910.69,63.11
2025-03-19,2462.12,3910.69,62.96
2025-03-20,2456.07,3910.69,62.8
2025-03-21,2450.01,3910.69,62.65
2025-03-22,2443.96,3910.69,62.49
2025-03-23,2440.93,3910.69,62.42
2025-03-24,2440.93,3910.69,62.42
2025-03-25,2431.85,3910.69,62.18
2025-03-26,2431.85,3910.69,62.18
2025-03-27,2431.85,3910.69,62.18
2025-03-28,2434.87,3910.69,62.26
2025-03-29,2434.87,3910.69,62.26
2025-03-30,2434.87,3910.69,62.26
2025-03-31,2425.8,3910.69,62.03
2025-04-01,2422.77,3910.69,61.95
2025-04-02,2419.74,3910.69,61.88
2025-04-03,2416.72,3910.69,61.8
2025-04-04,2410.66,3910.69,61.64
2025-04-05,2407.64,3910.69,61.57
2025-04-06,2401.58,3910.69,61.41
2025-04-07,2392.5,3910.69,61.18
2025-04-08,2386.84,3910.69,61.03
2025-04-09,2381.17,3910.69,60.89
2025-04-10,2369.84,3910.69,60.6
2025-04-11,2369.84,3910.69,60.6
2025-04-14,2352.85,3910.69,60.16
2025-04-15,2347.19,3910.69,60.02
2025-04-16,2338.69,3910.69,59.8
2025-04-17,2330.196,3910.69,59.59
2025-04-18,2333.028,3910.69,59.66
2025-04-19,2321.7,3910.69,59.37
2025-04-20,2318.87,3910.69,59.3
2025-04-21,2318.87,3910.69,59.3
2025-04-22,2313.2,3910.69,59.15
2025-04-23,2307.54,3910.69,59.01
